FECHA_CORRIDA,HORAS_ANTICIPACION,DIF_TARIF,PORCENT_PROMO,FOP,AÑO,BOLETOS_VEND,DiaMayorBoletaje,MesMayorBoletaje,Dia_Domingo,Dia_Jueves,Dia_Lunes,Dia_Martes,Dia_Miercoles,Dia_Sabado,Dia_Viernes,Mes_1,Mes_2,Mes_3,Mes_4,Mes_5,Mes_6,Mes_7,Mes_8,Mes_9,Mes_10,Mes_11,Mes_12,MM_14D,StdDev_14D,MM_30D,StdDev_30D,trend,seasonal,Boletos_t-7,Promo_t-1,BOLETOS_VEND_DIF
2023-02-01,17.298429319371728,0.72917277,9.615385,0.4071802543006732,2023.0,191.0,False,False,False,False,False,False,True,False,False,False,True,False,False,False,False,False,False,False,False,False,False,249.42857142857142,59.43673337865462,290.1333333333333,86.92038899469162,263.35714285714283,-48.06225501011215,178.0,8.681318,-27.0
2023-02-02,27.638297872340427,0.7224285,8.796992,0.4235866261398176,2023.0,235.0,False,False,False,True,False,False,False,False,False,False,True,False,False,False,False,False,False,False,False,False,False,247.71428571428572,60.83575438004376,288.73333333333335,88.2011546305428,264.0357142857143,-4.8093592572163955,309.0,9.615385,44.0
2023-02-03,50.26791277258567,0.72138166,7.4874372,0.40284824210057857,2023.0,321.0,True,False,False,False,False,False,False,False,True,False,True,False,False,False,False,False,False,False,False,False,False,250.07142857142858,59.554066302703596,280.3666666666667,80.40350109607014,263.0,52.79150946865232,259.0,8.796992,86.0
2023-02-04,43.21463414634146,0.6932161,6.734694,0.32975609756097557,2023.0,205.0,False,False,False,False,False,False,False,True,False,False,True,False,False,False,False,False,False,False,False,False,False,250.35714285714286,59.908400775821804,275.4,72.49903685448237,262.4285714285714,-45.833973156830304,192.0,7.4874372,-116.0
2023-02-05,61.66952789699571,0.67567813,7.3333335,0.39595340282035557,2023.0,233.0,True,False,True,False,False,False,False,False,False,False,True,False,False,False,False,False,False,False,False,False,False,252.0,58.18009175760279,272.8333333333333,73.6117884737143,260.7857142857143,72.90837562051848,339.0,6.734694,28.0
2023-02-06,55.156908665105384,0.70952857,7.631579,0.6133824021411843,2023.0,427.0,True,False,False,False,True,False,False,False,False,False,True,False,False,False,False,False,False,False,False,False,False,248.21428571428572,57.51812901021005,272.1,73.90457500653501,261.0357142857143,37.88694704908991,260.0,7.3333335,194.0
2023-02-07,30.43884892086331,0.7177903,9.2617445,0.5377183967112025,2023.0,278.0,False,False,False,False,False,True,False,False,False,False,True,False,False,False,False,False,False,False,False,False,False,254.5,71.34827904775929,271.46666666666664,72.42962497978745,259.7857142857142,-43.99951369737084,218.0,7.631579,-149.0
2023-02-08,17.591603053435115,0.7215599,9.926471,0.24732824427480915,2023.0,262.0,False,False,False,False,False,False,True,False,False,False,True,False,False,False,False,False,False,False,False,False,False,260.35714285714283,69.51879341129737,265.23333333333335,62.57612375633237,262.82142857142856,-43.15347122632837,191.0,9.2617445,-16.0
2023-02-09,21.081967213114755,0.6942049,9.916667,0.32822014051522247,2023.0,244.0,False,False,False,True,False,False,False,False,False,False,True,False,False,False,False,False,False,False,False,False,False,266.35714285714283,65.36478367634173,261.93333333333334,59.90505898464697,267.96428571428567,-15.848451921309065,235.0,9.926471,-18.0
2023-02-10,30.471186440677965,0.714644,8.867925,0.2536561743341404,2023.0,295.0,True,False,False,False,False,False,False,False,True,False,True,False,False,False,False,False,False,False,False,False,False,261.7142857142857,64.40428625419345,259.8,59.34492977209749,269.17857142857144,22.46815039529325,321.0,9.916667,51.0
2023-02-11,35.84285714285714,0.66959995,10.8,0.15693877551020408,2023.0,140.0,False,False,False,False,False,False,False,True,False,False,True,False,False,False,False,False,False,False,False,False,False,264.2857142857143,65.00346567261282,262.03333333333336,59.36763505441355,268.60714285714283,-40.50337470123184,205.0,8.867925,-155.0
2023-02-12,46.39420289855072,0.7242881,9.342105,0.38338728903946295,2023.0,345.0,True,False,True,False,False,False,False,False,False,False,True,False,False,False,False,False,False,False,False,False,False,260.57142857142856,70.6886067261134,259.26666666666665,63.068071234146785,271.3928571428571,78.11679904394191,233.0,10.8,205.0
2023-02-13,25.727969348659006,0.7062586,8.75,0.30311986863711,2023.0,261.0,True,False,False,False,True,False,False,False,False,False,True,False,False,False,False,False,False,False,False,False,False,261.0,71.21689514326047,260.1333333333333,64.08761961959391,269.75,35.19932800147085,427.0,9.342105,-84.0
2023-02-14,22.917582417582416,0.67664504,9.189189,0.2534830249115963,2023.0,182.0,False,False,False,False,False,True,False,False,False,False,True,False,False,False,False,False,False,False,False,False,False,261.07142857142856,71.21631650305807,259.8666666666667,64.06609374556953,261.1071428571429,-57.16071060856775,278.0,8.75,-79.0
2023-02-15,26.91025641025641,0.69636536,8.513514,0.3696081696081696,2023.0,312.0,False,False,False,False,False,False,True,False,False,False,True,False,False,False,False,False,False,False,False,False,False,258.5,73.50431698468205,255.63333333333333,64.89805444899238,255.2142857142857,-48.06225501011215,262.0,9.189189,130.0
2023-02-16,20.372093023255815,0.72295344,9.2,0.2435215946843854,2023.0,258.0,False,False,False,True,False,False,False,False,False,False,True,False,False,False,False,False,False,False,False,False,False,267.14285714285717,72.05644917793182,255.2,64.4608408260396,253.67857142857142,-4.8093592572163955,244.0,8.513514,-54.0
2023-02-17,24.21385542168675,0.7169449,7.8698225,0.29733218588640276,2023.0,332.0,True,False,False,False,False,False,False,False,True,False,True,False,False,False,False,False,False,False,False,False,False,268.7857142857143,71.52748645577674,256.03333333333336,64.32540300118127,257.1428571428571,52.79150946865232,295.0,9.2,74.0
2023-02-18,23.207865168539325,0.6800601,9.859155,0.3146067415730337,2023.0,178.0,False,False,False,False,False,False,False,True,False,False,True,False,False,False,False,False,False,False,False,False,False,269.57142857142856,72.20240171342515,259.93333333333334,65.29135409485885,261.2857142857143,-45.833973156830304,140.0,7.8698225,-154.0
2023-02-19,50.22485207100592,0.7166692,8.019802,0.3700197238658777,2023.0,338.0,True,False,True,False,False,False,False,False,False,False,True,False,False,False,False,False,False,False,False,False,False,267.64285714285717,74.38735122302734,259.1333333333333,66.16683893547172,263.07142857142856,72.90837562051848,345.0,9.859155,160.0
2023-02-20,28.391304347826086,0.70680904,9.652778,0.26112365894974593,2023.0,276.0,True,False,False,False,True,False,False,False,False,False,True,False,False,False,False,False,False,False,False,False,False,275.14285714285717,75.90364047503022,259.8333333333333,66.90708087537804,268.7857142857143,37.88694704908991,261.0,8.019802,-62.0
2023-02-21,15.144385026737968,0.7142246,9.772727,0.4021390374331551,2023.0,187.0,False,False,False,False,False,True,False,False,False,False,True,False,False,False,False,False,False,False,False,False,False,264.35714285714283,62.14698104290552,262.96666666666664,65.3185738665047,276.10714285714283,-43.99951369737084,182.0,9.652778,-89.0
2023-02-22,43.12765957446808,0.68607444,9.010989,0.24468085106382978,2023.0,188.0,False,False,False,False,False,False,True,False,False,False,True,False,False,False,False,False,False,False,False,False,False,257.85714285714283,65.28971781794785,259.6666666666667,66.60295806485261,274.5357142857143,-43.15347122632837,312.0,9.772727,1.0
2023-02-23,21.472727272727273,0.7094182,7.9850745,0.34161038961038964,2023.0,275.0,False,False,False,True,False,False,False,False,False,False,True,False,False,False,False,False,False,False,False,False,False,252.57142857142858,67.87286110608036,254.63333333333333,66.10466274614541,276.42857142857144,-15.848451921309065,258.0,9.010989,87.0
2023-02-24,26.426592797783933,0.7238368,8.71134,0.37341199889676346,2023.0,361.0,True,False,False,False,False,False,False,False,True,False,True,False,False,False,False,False,False,False,False,False,False,254.78571428571428,68.07708139299902,257.26666666666665,65.25648776483693,284.85714285714283,22.46815039529325,332.0,7.9850745,86.0
2023-02-25,20.11578947368421,0.7042463,8.645833,0.2933834586466165,2023.0,190.0,False,False,False,False,False,False,False,True,False,False,True,False,False,False,False,False,False,False,False,False,False,259.5,73.17076969980255,263.3666666666667,66.13856057854832,289.46428571428567,-40.50337470123184,178.0,8.71134,-171.0
2023-02-26,41.46666666666667,0.7176255,8.842105,0.3825359181880921,2023.0,345.0,True,False,True,False,False,False,False,False,False,False,True,False,False,False,False,False,False,False,False,False,False,263.07142857142856,67.92129414110279,259.4,66.8717764289138,290.1428571428571,78.11679904394191,338.0,8.645833,155.0
2023-02-27,21.831353919239906,0.7370884,9.042146,0.42575877540248086,2023.0,421.0,True,False,False,False,True,False,False,False,False,False,True,False,False,False,False,False,False,False,False,False,False,263.07142857142856,67.92129414110279,262.26666666666665,68.67310537829827,293.17857142857144,35.19932800147085,276.0,8.842105,76.0
2023-02-28,18.86784140969163,0.7060441,9.68254,0.2711092464396429,2023.0,227.0,False,False,False,False,False,True,False,False,False,False,True,False,False,False,False,False,False,False,False,False,False,274.5,79.94300854599247,269.9,73.17308248256325,299.7142857142857,-57.16071060856775,187.0,9.042146,-194.0
2023-03-01,17.76233183856502,0.71550673,9.148936,0.3105934424320074,2023.0,223.0,False,True,False,False,False,False,True,False,False,False,False,True,False,False,False,False,False,False,False,False,False,277.7142857142857,76.77983366185985,266.1666666666667,72.37883255689371,304.17857142857144,-48.06225501011215,188.0,9.68254,-4.0
2023-03-02,29.665,0.71127,8.388625,0.2923095238095238,2023.0,400.0,False,True,False,True,False,False,False,False,False,False,False,True,False,False,False,False,False,False,False,False,False,271.35714285714283,77.40463824589602,264.93333333333334,72.80154097143891,304.2857142857143,-4.8093592572163955,275.0,9.148936,177.0
2023-03-03,53.78169014084507,0.72791314,7.901786,0.4050301810865191,2023.0,426.0,True,True,False,False,False,False,False,False,True,False,False,True,False,False,False,False,False,False,False,False,False,281.5,84.49829310975193,271.0,76.25682558483446,298.96428571428567,52.79150946865232,361.0,8.388625,26.0
2023-03-04,26.892018779342724,0.69055253,8.315789,0.4662754303599374,2023.0,213.0,False,True,False,False,False,False,False,True,False,False,False,True,False,False,False,False,False,False,False,False,False,288.2142857142857,92.2031023768295,278.8333333333333,79.74575259831248,294.5357142857143,-45.833973156830304,190.0,7.901786,-213.0
2023-03-05,36.475155279503106,0.7026941,8.488372,0.391659272404614,2023.0,322.0,True,True,True,False,False,False,False,False,False,False,False,True,False,False,False,False,False,False,False,False,False,290.7142857142857,89.4172832815366,278.1,80.26222111261956,292.92857142857144,72.90837562051848,345.0,8.315789,109.0
2023-03-06,43.20159151193634,0.7119382,8.623854,0.41536987916298257,2023.0,377.0,True,True,False,False,True,False,False,False,False,False,False,True,False,False,False,False,False,False,False,False,False,289.57142857142856,88.86698295396707,278.1333333333333,80.28085756862605,287.35714285714283,37.88694704908991,421.0,8.488372,55.0
2023-03-07,26.152416356877325,0.7099405,9.36,0.3946893255443441,2023.0,269.0,False,True,False,False,False,True,False,False,False,False,False,True,False,False,False,False,False,False,False,False,False,296.7857142857143,91.73387812364858,283.8666666666667,81.01627479469289,282.7857142857142,-43.99951369737084,227.0,8.623854,-108.0
2023-03-08,39.22943722943723,0.69309133,7.478261,0.3965367965367965,2023.0,231.0,False,True,False,False,False,False,True,False,False,False,False,True,False,False,False,False,False,False,False,False,False,302.64285714285717,86.66257034557142,285.06666666666666,80.50184548466436,282.92857142857144,-43.15347122632837,223.0,9.36,-38.0
2023-03-09,36.93191489361702,0.6889787,8.111111,0.2105775075987842,2023.0,235.0,False,True,False,True,False,False,False,False,False,False,False,True,False,False,False,False,False,False,False,False,False,305.7142857142857,82.970271387202,278.53333333333336,76.436465991916,280.6071428571429,-15.848451921309065,400.0,7.478261,4.0
2023-03-10,38.04365079365079,0.7261242,8.16,0.3516800659657803,2023.0,252.0,True,True,False,False,False,False,False,False,True,False,False,True,False,False,False,False,False,False,False,False,False,302.85714285714283,84.77831466455709,277.1,76.84886645788646,280.8928571428571,22.46815039529325,426.0,8.111111,17.0
2023-03-11,35.902857142857144,0.69358116,6.296296,0.3282275819418677,2023.0,175.0,False,True,False,False,False,False,False,True,False,False,False,True,False,False,False,False,False,False,False,False,False,295.07142857142856,84.0297239403684,276.76666666666665,76.93825707863968,288.92857142857144,-40.50337470123184,213.0,8.16,-77.0
2023-03-12,62.51428571428571,0.7280432,7.9166665,0.34951144094001235,2023.0,315.0,True,True,True,False,False,False,False,False,False,False,False,True,False,False,False,False,False,False,False,False,False,294.0,85.55430124510677,274.46666666666664,78.95644077736715,293.25,78.11679904394191,322.0,6.296296,140.0
2023-03-13,23.73220338983051,0.7353078,8.958333,0.39951573849878935,2023.0,295.0,True,True,False,False,True,False,False,False,False,False,False,True,False,False,False,False,False,False,False,False,False,291.85714285714283,84.54844505039449,275.1333333333333,79.21978738070229,300.60714285714283,35.19932800147085,377.0,7.9166665,-20.0
2023-03-14,22.915555555555557,0.710012,8.725491,0.3539047619047619,2023.0,225.0,False,True,False,False,False,True,False,False,False,False,False,True,False,False,False,False,False,False,False,False,False,282.85714285714283,76.0200956659156,280.3,75.04718056226245,312.5357142857143,-57.16071060856775,269.0,8.958333,-70.0
2023-03-15,50.08733624454148,0.7024319,9.243697,0.4015728085597081,2023.0,229.0,False,True,False,False,False,False,True,False,False,False,False,True,False,False,False,False,False,False,False,False,False,282.7142857142857,76.1349293854502,276.3,74.67684403135122,318.25,-48.06225501011215,231.0,8.725491,4.0
2023-03-16,41.94224924012158,0.71199113,8.362573,0.3631784628745115,2023.0,329.0,False,True,False,True,False,False,False,False,False,False,False,True,False,False,False,False,False,False,False,False,False,283.14285714285717,75.78903629139269,275.23333333333335,75.13008641721018,321.25,-4.8093592572163955,235.0,9.243697,100.0
2023-03-17,127.1980198019802,0.72101307,6.696165,0.4677769681730078,2023.0,505.0,True,True,False,False,False,False,False,False,True,False,False,True,False,False,False,False,False,False,False,False,False,278.07142857142856,69.4810038075869,280.1333333333333,73.61818241174656,324.2857142857143,52.79150946865232,252.0,8.362573,176.0
2023-03-18,57.66295264623955,0.7381781,8.100558,0.4892956625547155,2023.0,359.0,False,True,False,False,False,False,False,True,False,False,False,True,False,False,False,False,False,False,False,False,False,283.7142857142857,84.0910025109507,286.56666666666666,84.17497512195415,331.8928571428571,-45.833973156830304,175.0,6.696165,-146.0
2023-03-19,56.65319865319865,0.72328085,7.759563,0.36373256373256374,2023.0,297.0,True,True,True,False,False,False,False,False,False,False,False,True,False,False,False,False,False,False,False,False,False,294.14285714285717,83.69896345544848,289.93333333333334,85.00869461954775,340.5357142857142,72.90837562051848,315.0,8.100558,-62.0
2023-03-20,58.411184210526315,0.72494984,8.047059,0.5382946001367054,2023.0,608.0,True,True,False,False,True,False,False,False,False,False,False,True,False,False,False,False,False,False,False,False,False,292.35714285714283,83.32476512728073,288.76666666666665,84.6508786981435,344.75,37.88694704908991,295.0,7.759563,311.0
2023-03-21,41.55913978494624,0.7026368,8.9340105,0.5149712692723445,2023.0,372.0,False,True,False,False,False,True,False,False,False,False,False,True,False,False,False,False,False,False,False,False,False,308.85714285714283,117.31408017196155,303.1,100.2212552306145,345.9285714285714,-43.99951369737084,225.0,8.047059,-236.0
2023-03-22,24.618055555555557,0.68767357,14.275862,0.3046326358826359,2023.0,288.0,False,True,False,False,False,False,True,False,False,False,False,True,False,False,False,False,False,False,False,False,False,316.2142857142857,117.85073908676483,304.23333333333335,100.81997726686873,346.92857142857144,-43.15347122632837,229.0,8.9340105,-84.0
2023-03-23,22.782442748091604,0.71656483,9.178082,0.28527808069792804,2023.0,262.0,False,True,False,True,False,False,False,False,False,False,False,True,False,False,False,False,False,False,False,False,False,320.2857142857143,115.64430118083818,304.6333333333333,100.72786257461513,351.0,-15.848451921309065,329.0,14.275862,-26.0
2023-03-24,42.79677419354839,0.7295852,8.027211,0.307078853046595,2023.0,310.0,True,True,False,False,False,False,False,False,True,False,False,True,False,False,False,False,False,False,False,False,False,322.2142857142857,114.33027633969974,307.1333333333333,98.6161955410392,351.24999999999994,22.46815039529325,505.0,9.178082,48.0
2023-03-25,25.015151515151516,0.7218603,8.846154,0.1463859372950282,2023.0,330.0,False,True,False,False,False,False,False,True,False,False,False,True,False,False,False,False,False,False,False,False,False,326.35714285714283,112.62846145477769,311.2,96.01522867717914,349.49999999999994,-40.50337470123184,359.0,8.027211,20.0
2023-03-26,34.39303482587065,0.7191214,8.810409,0.2706898408390946,2023.0,402.0,True,True,True,False,False,False,False,False,False,False,False,True,False,False,False,False,False,False,False,False,False,337.42857142857144,103.88433974356319,313.03333333333336,95.82508610190105,356.71428571428567,78.11679904394191,297.0,8.846154,72.0
2023-03-27,31.208588957055216,0.70055336,8.181818,0.46170026292725674,2023.0,326.0,True,True,False,False,True,False,False,False,False,False,False,True,False,False,False,False,False,False,False,False,False,343.64285714285717,105.03523741536036,314.4,96.81998938663212,355.57142857142856,35.19932800147085,608.0,8.810409,-76.0
2023-03-28,40.80616740088106,0.695637,9.333333,0.297293895531781,2023.0,227.0,False,True,False,False,False,True,False,False,False,False,False,True,False,False,False,False,False,False,False,False,False,345.85714285714283,104.25475981965984,318.93333333333334,93.93538987657597,347.7857142857142,-57.16071060856775,372.0,8.181818,-99.0
2023-03-29,41.20392156862745,0.70727605,9.322034,0.3570868347338935,2023.0,255.0,False,True,False,False,False,False,True,False,False,False,False,True,False,False,False,False,False,False,False,False,False,346.0,104.0776337459392,315.0,95.26731899746882,355.6785714285714,-48.06225501011215,288.0,9.333333,28.0
2023-03-30,42.7673860911271,0.7200386,8.073395,0.5322370674888661,2023.0,417.0,False,True,False,True,False,False,False,False,False,False,False,True,False,False,False,False,False,False,False,False,False,347.85714285714283,102.04136200796016,309.46666666666664,93.70634002520593,372.2857142857142,-4.8093592572163955,262.0,9.322034,162.0
2023-03-31,49.238207547169814,0.6830224,7.6419215,0.5542024013722127,2023.0,424.0,True,True,False,False,False,False,False,False,True,False,False,True,False,False,False,False,False,False,False,False,False,354.14285714285717,103.49051026198357,315.8,94.35896244185506,378.1428571428571,52.79150946865232,310.0,8.073395,7.0
2023-04-01,71.18414322250639,0.66277444,8.989362,0.391304347826087,2023.0,391.0,False,True,False,False,False,False,False,True,False,False,False,False,True,False,False,False,False,False,False,False,False,348.35714285714283,96.4314081796823,322.5,94.67794776558799,379.9285714285714,-45.833973156830304,330.0,7.6419215,-33.0
2023-04-02,60.1220556745182,0.6630893,7.9735684,0.48900507058965303,2023.0,467.0,True,True,True,False,False,False,False,False,False,False,False,False,True,False,False,False,False,False,False,False,False,350.64285714285717,97.0801470180951,322.2,94.43786499507253,402.07142857142856,72.90837562051848,402.0,8.989362,76.0
2023-04-03,53.86206896551724,0.65794355,8.206522,0.4666705762764876,2023.0,406.0,True,True,False,False,True,False,False,False,False,False,False,False,True,False,False,False,False,False,False,False,False,362.7857142857143,100.42845028364044,323.56666666666666,96.27069713280746,431.3928571428571,37.88694704908991,326.0,7.9735684,-61.0
2023-04-04,55.1123595505618,0.66435534,8.015873,0.3550650971999287,2023.0,356.0,False,True,False,False,False,True,False,False,False,False,False,False,True,False,False,False,False,False,False,False,False,348.35714285714283,73.34807127961561,330.0,95.0683964312008,448.35714285714283,-43.99951369737084,227.0,8.206522,-50.0
2023-04-05,89.44190476190477,0.6608499,7.3134327,0.5781587301587301,2023.0,525.0,False,True,False,False,False,False,True,False,False,False,False,False,True,False,False,False,False,False,False,False,False,347.2142857142857,73.07549159962925,331.1333333333333,95.172342162225,456.10714285714283,-43.15347122632837,255.0,8.015873,169.0
2023-04-06,67.36326530612244,0.6599353,7.7777777,0.4500662602703419,2023.0,490.0,False,True,False,True,False,False,False,False,False,False,False,False,True,False,False,False,False,False,False,False,False,364.14285714285717,84.81187974013405,336.06666666666666,101.2722290058634,457.25,-15.848451921309065,417.0,7.3134327,-35.0
2023-04-07,72.1178861788618,0.66005284,7.8095236,0.5451025938830817,2023.0,246.0,True,True,False,False,False,False,False,False,True,False,False,False,True,False,False,False,False,False,False,False,False,380.42857142857144,85.57651932242088,343.43333333333334,104.22048356922087,458.10714285714283,22.46815039529325,424.0,7.7777777,-244.0
2023-04-08,126.35810810810811,0.6638718,5.432099,0.47181467181467185,2023.0,444.0,False,True,False,False,False,False,False,True,False,False,False,False,True,False,False,False,False,False,False,False,False,375.85714285714283,91.15570545699624,343.93333333333334,103.6971496743023,456.82142857142856,-40.50337470123184,391.0,7.8095236,198.0
2023-04-09,127.77863436123349,0.6719518,6.3454547,0.7087168093776023,2023.0,908.0,True,True,True,False,False,False,False,False,False,False,False,False,True,False,False,False,False,False,False,False,False,384.0,91.83346130569528,350.9,103.14547811306295,452.6071428571428,78.11679904394191,467.0,5.432099,464.0
2023-04-10,74.78627145085804,0.6700204,8.580247,0.6790800809521559,2023.0,641.0,True,True,False,False,True,False,False,False,False,False,False,False,True,False,False,False,False,False,False,False,False,420.14285714285717,167.69884048168345,372.76666666666665,143.21016226061806,448.21428571428567,35.19932800147085,406.0,6.3454547,-267.0
2023-04-11,38.291989664082685,0.6907597,9.58042,0.4295065829949551,2023.0,387.0,False,True,False,False,False,True,False,False,False,False,False,False,True,False,False,False,False,False,False,False,False,442.64285714285717,175.0659687277725,388.3,146.25960622739623,443.5357142857142,-57.16071060856775,356.0,8.580247,-254.0
2023-04-12,46.006410256410255,0.69932115,7.9166665,0.39386446886446885,2023.0,312.0,False,True,False,False,False,False,True,False,False,False,False,False,True,False,False,False,False,False,False,False,False,454.07142857142856,164.82879896132525,390.7,145.60460157563665,431.2857142857143,-48.06225501011215,525.0,9.58042,-75.0
2023-04-13,60.68877551020408,0.6598967,9.18239,0.44234693877551023,2023.0,392.0,False,True,False,True,False,False,False,False,False,False,False,False,True,False,False,False,False,False,False,False,False,458.14285714285717,160.17147404859926,391.26666666666665,145.25196498957675,411.7857142857142,-4.8093592572163955,490.0,7.9166665,80.0
2023-04-14,87.31501057082453,0.65992916,8.14433,0.5276095293008612,2023.0,473.0,True,True,False,False,False,False,False,False,True,False,False,False,True,False,False,False,False,False,False,False,False,456.35714285714283,160.80356250495734,396.8333333333333,141.81972124261569,405.5357142857142,52.79150946865232,246.0,9.18239,81.0
2023-04-15,137.20915032679738,0.6545431,8.319327,0.46041083099906627,2023.0,306.0,False,True,False,False,False,False,False,True,False,False,False,False,True,False,False,False,False,False,False,False,False,459.85714285714283,160.57821345799886,404.96666666666664,138.82772338985134,400.57142857142856,-45.833973156830304,444.0,8.14433,-167.0
2023-04-16,81.1589861751152,0.68069535,8.487804,0.47229343024273895,2023.0,434.0,True,True,True,False,False,False,False,False,False,False,False,False,True,False,False,False,False,False,False,False,False,453.7857142857143,164.9299051911861,404.2,139.32433012764542,374.32142857142856,72.90837562051848,908.0,8.319327,128.0
2023-04-17,74.40822784810126,0.6886987,8.866667,0.4472984821086087,2023.0,316.0,True,True,False,False,True,False,False,False,False,False,False,False,True,False,False,False,False,False,False,False,False,451.42857142857144,164.96233336301785,401.8333333333333,138.15111250025225,342.5357142857142,37.88694704908991,641.0,8.487804,-118.0
2023-04-18,47.63492063492063,0.70962536,8.445946,0.4379138321995465,2023.0,315.0,False,True,False,False,False,True,False,False,False,False,False,False,True,False,False,False,False,False,False,False,False,445.0,168.58278039631998,400.4,138.83222322968265,323.8928571428571,-43.99951369737084,387.0,8.866667,-1.0
2023-04-19,17.80269058295964,0.71458113,7.5238094,0.3441383728379244,2023.0,223.0,False,True,False,False,False,False,True,False,False,False,False,False,True,False,False,False,False,False,False,False,False,442.07142857142856,170.5919396985388,401.0,138.40819190426117,318.1071428571429,-43.15347122632837,312.0,8.445946,-92.0
2023-04-20,33.53658536585366,0.7029752,8.584071,0.2797909407665505,2023.0,246.0,False,True,False,True,False,False,False,False,False,False,False,False,True,False,False,False,False,False,False,False,False,420.5,178.2223114755622,388.1666666666667,136.38714757259353,316.71428571428567,-15.848451921309065,392.0,7.5238094,23.0
2023-04-21,24.415873015873014,0.7249987,7.8333335,0.400453514739229,2023.0,315.0,True,True,False,False,False,False,False,False,True,False,False,False,True,False,False,False,False,False,False,False,False,403.07142857142856,182.77538307808487,383.96666666666664,138.82052003075447,320.32142857142856,22.46815039529325,473.0,8.584071,69.0
2023-04-22,31.48728813559322,0.70428044,8.064516,0.4049636803874092,2023.0,236.0,False,True,False,False,False,False,False,True,False,False,False,False,True,False,False,False,False,False,False,False,False,408.0,179.10761698358468,384.8666666666667,138.26330037245953,328.42857142857144,-40.50337470123184,306.0,7.8333335,-79.0
2023-04-23,44.07349081364829,0.7047795,8.413462,0.37616320687186827,2023.0,381.0,True,True,True,False,False,False,False,False,False,False,False,False,True,False,False,False,False,False,False,False,False,393.14285714285717,184.43921539581592,384.0,139.1387300750458,329.71428571428567,78.11679904394191,434.0,8.064516,145.0
2023-04-24,51.302158273381295,0.7054014,8.863636,0.30892186683553585,2023.0,278.0,True,True,False,False,True,False,False,False,False,False,False,False,True,False,False,False,False,False,False,False,False,355.5,110.05715298460588,386.3666666666667,138.438703810183,335.82142857142856,35.19932800147085,316.0,8.413462,-103.0
2023-04-25,30.95614035087719,0.7203539,8.761062,0.3165413533834586,2023.0,228.0,False,True,False,False,False,True,False,False,False,False,False,False,True,False,False,False,False,False,False,False,False,329.57142857142856,74.7032223439622,384.6333333333333,139.49032430499452,345.7857142857143,-57.16071060856775,315.0,8.863636,-50.0
2023-04-26,47.7831715210356,0.7206877,8.278688,0.3582795126484447,2023.0,309.0,False,True,False,False,False,False,True,False,False,False,False,False,True,False,False,False,False,False,False,False,False,318.2142857142857,77.34058400391064,378.8333333333333,142.33183261207785,349.0,-48.06225501011215,223.0,8.761062,81.0
2023-04-27,92.36797752808988,0.7081011,7.050691,0.43138041733547355,2023.0,356.0,False,True,False,True,False,False,False,False,False,False,False,False,True,False,False,False,False,False,False,False,False,318.0,77.36327890593151,378.26666666666665,142.58305101512423,351.6428571428571,-4.8093592572163955,246.0,8.278688,47.0
2023-04-28,76.89508196721312,0.7123885,7.816377,0.5929819664245893,2023.0,610.0,True,True,False,False,False,False,False,False,True,False,False,False,True,False,False,False,False,False,False,False,False,315.42857142857144,75.28480721767323,382.56666666666666,139.78152493317415,355.2857142857142,52.79150946865232,315.0,7.050691,254.0
2023-04-29,44.26767676767677,0.71009296,8.518518,0.5061138076289592,2023.0,396.0,False,True,False,False,False,False,False,True,False,False,False,False,True,False,False,False,False,False,False,False,False,325.2142857142857,101.63447217389364,394.4,143.58455396709957,361.6428571428571,-45.833973156830304,236.0,7.816377,-214.0
2023-04-30,56.492105263157896,0.70305765,7.6958528,0.40455570745044434,2023.0,380.0,True,True,True,False,False,False,False,False,False,False,False,False,True,False,False,False,False,False,False,False,False,331.64285714285717,103.16052251997095,393.7,143.52175132518474,367.21428571428567,72.90837562051848,381.0,8.518518,-16.0
2023-05-01,117.22181146025878,0.70120686,7.7941175,0.532853933223619,2023.0,541.0,True,True,False,False,True,False,False,False,False,False,False,False,False,True,False,False,False,False,False,False,False,327.7857142857143,100.00013736254316,392.23333333333335,143.42622357573003,371.0,37.88694704908991,278.0,7.6958528,161.0
2023-05-02,36.66124661246612,0.72003305,9.802956,0.45032907471931866,2023.0,369.0,False,True,False,False,False,True,False,False,False,False,False,False,False,True,False,False,False,False,False,False,False,343.85714285714283,114.92663689559483,397.23333333333335,145.9737064971142,374.71428571428567,-43.99951369737084,228.0,7.7941175,-172.0
2023-05-03,37.706563706563706,0.697156,8.606558,0.3958080529509101,2023.0,259.0,False,True,False,False,False,False,True,False,False,False,False,False,False,True,False,False,False,False,False,False,False,347.7142857142857,114.78972653805457,393.96666666666664,145.45421920679152,370.35714285714283,-43.15347122632837,309.0,9.802956,-110.0
2023-05-04,43.735915492957744,0.71045065,8.18792,0.3282393858098083,2023.0,284.0,False,True,False,True,False,False,False,False,False,False,False,False,False,True,False,False,False,False,False,False,False,350.2857142857143,112.15403457980237,389.06666666666666,147.49656532139687,360.0,-15.848451921309065,356.0,8.606558,25.0
2023-05-05,51.970976253298154,0.7144575,7.6415095,0.4757899385867724,2023.0,379.0,True,True,False,False,False,False,False,False,True,False,False,False,False,True,False,False,False,False,False,False,False,353.0,109.87265355856312,386.6666666666667,148.63455145105854,347.5,22.46815039529325,610.0,8.18792,95.0
2023-05-06,24.765714285714285,0.69559854,8.820513,0.4233469387755102,2023.0,350.0,False,True,False,False,False,False,False,True,False,False,False,False,False,True,False,False,False,False,False,False,False,357.57142857142856,109.50076521384503,381.8,146.32118662439942,333.0357142857142,-40.50337470123184,396.0,7.6415095,-29.0
2023-05-07,55.111111111111114,0.6989106,8.088235,0.44615839243498817,2023.0,423.0,True,True,True,False,False,False,False,False,False,False,False,False,False,True,False,False,False,False,False,False,False,365.7142857142857,103.85820849854625,377.1333333333333,144.97769943454492,326.25,78.11679904394191,380.0,8.820513,73.0
2023-05-08,35.24561403508772,0.69575,9.272727,0.3774436090225564,2023.0,342.0,True,True,False,False,True,False,False,False,False,False,False,False,False,True,False,False,False,False,False,False,False,368.7142857142857,104.93472591709923,383.03333333333336,143.04580489776862,321.3571428571429,35.19932800147085,541.0,8.088235,-81.0
2023-05-09,42.45522388059702,0.6948907,9.6470585,0.2547974413646055,2023.0,268.0,False,True,False,False,False,True,False,False,False,False,False,False,False,True,False,False,False,False,False,False,False,373.2857142857143,102.03274630569027,379.6333333333333,142.7586541451454,316.5,-57.16071060856775,369.0,9.272727,-74.0
2023-05-10,58.30612244897959,0.68608636,8.333333,0.19689018464528668,2023.0,147.0,False,True,False,False,False,False,True,False,False,False,False,False,False,True,False,False,False,False,False,False,False,376.14285714285717,98.13715452824752,358.3,103.50050807804625,316.6071428571429,-48.06225501011215,259.0,9.6470585,-121.0
2023-05-11,37.228070175438596,0.67906624,9.047619,0.2688578559192594,2023.0,228.0,False,True,False,True,False,False,False,False,False,False,False,False,False,True,False,False,False,False,False,False,False,364.57142857142856,114.79929930482656,341.8333333333333,95.99787473701136,322.3928571428571,-4.8093592572163955,284.0,8.333333,81.0
2023-05-12,41.865979381443296,0.70274305,9.10828,0.3973122238586156,2023.0,388.0,True,True,False,False,False,False,False,False,True,False,False,False,False,True,False,False,False,False,False,False,False,355.42857142857144,120.49048113422104,336.53333333333336,97.79067487216746,335.99999999999994,52.79150946865232,379.0,9.047619,160.0
2023-05-13,28.488262910798124,0.6658127,10.350877,0.36257545271629776,2023.0,213.0,False,True,False,False,False,False,False,True,False,False,False,False,False,True,False,False,False,False,False,False,False,339.57142857142856,96.66254885760247,339.06666666666666,98.11707761414507,347.07142857142856,-45.833973156830304,350.0,9.10828,-175.0
2023-05-14,44.552278820375335,0.7085083,8.699552,0.37381474646890195,2023.0,373.0,True,True,True,False,False,False,False,False,False,False,False,False,False,True,False,False,False,False,False,False,False,326.5,100.73250945716828,333.1,100.2074916326633,352.2142857142857,72.90837562051848,423.0,10.350877,160.0
2023-05-15,54.148418491484186,0.71393794,9.158878,0.41199165797705944,2023.0,411.0,True,True,False,False,True,False,False,False,False,False,False,False,False,True,False,False,False,False,False,False,False,326.0,100.4635410331684,329.76666666666665,97.00539740878713,363.35714285714283,37.88694704908991,342.0,8.699552,38.0
2023-05-16,30.702479338842974,0.7030432,8.770949,0.5024793388429752,2023.0,363.0,False,True,False,False,False,True,False,False,False,False,False,False,False,True,False,False,False,False,False,False,False,316.7142857142857,83.66639668388957,333.26666666666665,98.00736542811903,375.0,-43.99951369737084,268.0,9.158878,-48.0
2023-05-17,41.115671641791046,0.68567646,9.090909,0.34797441364605547,2023.0,268.0,False,True,False,False,False,False,True,False,False,False,False,False,False,True,False,False,False,False,False,False,False,316.2857142857143,83.39288714496975,330.9,96.33395577096739,381.2857142857142,-43.15347122632837,147.0,8.770949,-95.0
2023-05-18,68.08695652173913,0.68894005,7.4871793,0.46942388910352295,2023.0,437.0,False,True,False,True,False,False,False,False,False,False,False,False,False,True,False,False,False,False,False,False,False,316.92857142857144,82.95083278268335,329.3,96.98636590992434,388.60714285714283,-15.848451921309065,228.0,9.090909,169.0
2023-05-19,89.0510708401977,0.71359754,8.98017,0.5758531419157449,2023.0,607.0,True,True,False,False,False,False,False,False,True,False,False,False,False,True,False,False,False,False,False,False,False,327.85714285714283,88.19197342062492,333.3666666666667,98.90485966001751,395.0,22.46815039529325,388.0,7.4871793,170.0
2023-05-20,78.21527777777777,0.7021072,8.144796,0.4755291005291005,2023.0,432.0,False,True,False,False,False,False,False,True,False,False,False,False,False,True,False,False,False,False,False,False,False,344.14285714285717,115.26014531875768,346.1666666666667,108.5106329871147,404.1428571428571,-40.50337470123184,213.0,8.98017,-175.0
2023-05-21,50.294845360824745,0.7122794,8.286714,0.5876859909849601,2023.0,485.0,True,True,True,False,False,False,False,False,False,False,False,False,False,True,False,False,False,False,False,False,False,350.0,117.6396060987836,352.3666666666667,107.90208950497745,412.60714285714283,78.11679904394191,373.0,8.144796,53.0
2023-05-22,30.572635135135137,0.73134947,9.189944,0.4797809172809173,2023.0,592.0,True,True,False,False,True,False,False,False,False,False,False,False,False,True,False,False,False,False,False,False,False,354.42857142857144,121.69616281525101,358.03333333333336,110.30912155778644,411.25,35.19932800147085,411.0,8.286714,107.0
2023-05-23,18.761627906976745,0.69052994,8.176101,0.38457918050941303,2023.0,344.0,False,True,False,False,False,True,False,False,False,False,False,False,False,True,False,False,False,False,False,False,False,372.2857142857143,137.09930627184013,369.9,115.74328013561588,404.5,-57.16071060856775,363.0,9.189944,-248.0
2023-05-24,32.29959514170041,0.68114495,8.333333,0.2878665194454668,2023.0,247.0,False,True,False,False,False,False,True,False,False,False,False,False,False,True,False,False,False,False,False,False,False,377.7142857142857,134.12475740686577,368.6666666666667,115.81803008147716,400.57142857142856,-48.06225501011215,268.0,8.176101,-97.0
2023-05-25,57.8048048048048,0.6797387,7.9411764,0.4205907205907206,2023.0,333.0,False,True,False,True,False,False,False,False,False,False,False,False,False,True,False,False,False,False,False,False,False,384.85714285714283,123.102744544083,367.6333333333333,116.78907699672538,395.32142857142856,-4.8093592572163955,437.0,8.333333,86.0
2023-05-26,55.32034632034632,0.6984288,7.9512196,0.4932591218305504,2023.0,462.0,True,True,False,False,False,False,False,False,True,False,False,False,False,True,False,False,False,False,False,False,False,392.35714285714283,115.79265762750072,371.1333333333333,114.00022181869896,380.35714285714283,52.79150946865232,607.0,7.9411764,129.0
2023-05-27,34.54683544303798,0.68584937,8.6875,0.4943240725519207,2023.0,395.0,False,True,False,False,False,False,False,True,False,False,False,False,False,True,False,False,False,False,False,False,False,397.64285714285717,117.25816825269813,376.23333333333335,114.5457846522914,364.5357142857142,-45.833973156830304,432.0,7.9512196,-67.0
2023-05-28,65.95327102803738,0.6950465,7.902439,0.4748331108144192,2023.0,428.0,True,True,True,False,False,False,False,False,False,False,False,False,False,True,False,False,False,False,False,False,False,410.64285714285717,104.62063860433116,377.53333333333336,114.52954244191297,354.7857142857143,72.90837562051848,485.0,8.6875,33.0
2023-05-29,35.257861635220124,0.71450377,8.113208,0.35768194070080866,2023.0,318.0,True,True,False,False,True,False,False,False,False,False,False,False,False,True,False,False,False,False,False,False,False,414.57142857142856,104.12988508124367,371.46666666666664,106.31694104902996,341.1428571428571,37.88694704908991,592.0,7.902439,-110.0
2023-05-30,38.87640449438202,0.6375577,9.130435,0.4001070090957732,2023.0,267.0,False,True,False,False,False,True,False,False,False,False,False,False,False,True,False,False,False,False,False,False,False,407.92857142857144,107.2936045737006,368.8666666666667,106.64951729956312,327.75,-43.99951369737084,344.0,8.113208,-51.0
2023-05-31,41.10236220472441,0.6322047,7.142857,0.31417322834645667,2023.0,254.0,False,True,False,False,False,False,True,False,False,False,False,False,False,True,False,False,False,False,False,False,False,401.07142857142856,113.28620276213596,365.1,108.22656630962815,323.5357142857142,-43.15347122632837,247.0,9.130435,-13.0
2023-06-01,35.80263157894737,0.64679766,10.0,0.41607142857142854,2023.0,304.0,False,False,False,True,False,False,False,False,False,False,False,False,False,False,True,False,False,False,False,False,False,400.07142857142856,114.6053189030909,355.53333333333336,104.77125603882945,322.1428571428571,-15.848451921309065,333.0,7.142857,50.0
2023-06-02,52.88473520249221,0.7018969,7.84,0.4064085447263017,2023.0,321.0,True,False,False,False,False,False,False,False,True,False,False,False,False,False,True,False,False,False,False,False,False,390.57142857142856,116.80010161067405,353.3666666666667,105.15456057249887,315.9285714285714,22.46815039529325,462.0,10.0,17.0
2023-06-03,36.374545454545455,0.62214255,12.105263,0.42109090909090907,2023.0,275.0,False,False,False,False,False,False,False,True,False,False,False,False,False,False,True,False,False,False,False,False,False,370.14285714285717,99.80970905667478,355.43333333333334,103.83696881146885,306.10714285714283,-40.50337470123184,395.0,7.84,-46.0
2023-06-04,52.89159891598916,0.67659837,9.455782,0.36713059097882944,2023.0,369.0,True,False,True,False,False,False,False,False,False,False,False,False,False,False,True,False,False,False,False,False,False,358.92857142857144,101.13620996968895,355.1333333333333,104.06322127912645,299.75,78.11679904394191,428.0,12.105263,94.0
2023-06-05,37.54294478527607,0.68151534,9.381443,0.4537248028045574,2023.0,326.0,True,False,False,False,True,False,False,False,False,False,False,False,False,False,True,False,False,False,False,False,False,350.64285714285717,94.55044005336917,354.8,104.0001326259098,300.1071428571429,35.19932800147085,318.0,9.455782,-43.0
2023-06-06,53.306382978723406,0.6339983,8.461538,0.36972644376899694,2023.0,235.0,False,False,False,False,False,True,False,False,False,False,False,False,False,False,True,False,False,False,False,False,False,331.64285714285717,64.16158345309779,354.0,104.13055465997017,302.60714285714283,-57.16071060856775,267.0,9.381443,-91.0
2023-06-07,33.57983193277311,0.6653407,9.61039,0.2793517406962785,2023.0,238.0,False,False,False,False,False,False,True,False,False,False,False,False,False,False,True,False,False,False,False,False,False,323.85714285714283,68.97921330467541,347.73333333333335,105.4831031846864,303.1428571428571,-48.06225501011215,254.0,8.461538,3.0
2023-06-08,54.85478547854785,0.6687555,9.342105,0.31692597831211694,2023.0,303.0,False,False,False,True,False,False,False,False,False,False,False,False,False,False,True,False,False,False,False,False,False,323.2142857142857,69.78778664519463,344.26666666666665,107.37010864241962,303.3928571428571,-4.8093592572163955,304.0,9.61039,65.0
2023-06-09,43.0125786163522,0.717816,9.63964,0.4572218138255874,2023.0,318.0,True,False,False,False,False,False,False,False,True,False,False,False,False,False,True,False,False,False,False,False,False,321.07142857142856,69.9246454689338,345.43333333333334,106.70089788373544,308.32142857142856,52.79150946865232,321.0,9.342105,15.0
2023-06-10,63.78030303030303,0.6805185,9.878049,0.2985930735930736,2023.0,264.0,False,False,False,False,False,False,False,True,False,False,False,False,False,False,True,False,False,False,False,False,False,310.7857142857143,56.99551746399931,351.1333333333333,100.09813575491368,313.07142857142856,-45.833973156830304,275.0,9.63964,-54.0
2023-06-11,61.6010498687664,0.7091446,8.443397,0.478440194975628,2023.0,381.0,True,False,True,False,False,False,False,False,False,False,False,False,False,False,True,False,False,False,False,False,False,301.42857142857144,52.697561300623825,352.3333333333333,98.7781678144596,315.57142857142856,72.90837562051848,369.0,9.878049,117.0
2023-06-12,44.13333333333333,0.7299368,9.130435,0.3975619047619048,2023.0,375.0,True,False,False,False,True,False,False,False,False,False,False,False,False,False,True,False,False,False,False,False,False,298.07142857142856,44.94006998336706,352.1,98.6992471060964,319.7142857142857,37.88694704908991,326.0,8.443397,-6.0
2023-06-13,26.54642857142857,0.7013761,8.735632,0.43795918367346937,2023.0,280.0,False,False,False,False,False,True,False,False,False,False,False,False,False,False,True,False,False,False,False,False,False,302.14285714285717,49.258903362129374,357.5,95.19589602860822,324.0,-43.99951369737084,235.0,9.130435,-95.0
2023-06-14,24.875,0.6994074,8.888889,0.3439127604166667,2023.0,256.0,False,False,False,False,False,False,True,False,False,False,False,False,False,False,True,False,False,False,False,False,False,303.07142857142856,48.664414870881934,354.4,96.18287179943286,328.5357142857143,-43.15347122632837,238.0,8.735632,-24.0
2023-06-15,68.18446601941747,0.66752523,9.014085,0.39408229311141935,2023.0,309.0,False,False,False,True,False,False,False,False,False,False,False,False,False,False,True,False,False,False,False,False,False,303.2142857142857,48.511978808456455,349.23333333333335,97.19538918159057,329.5,-15.848451921309065,303.0,8.888889,53.0
2023-06-16,58.40528634361233,0.7043214,9.041916,0.45084959093769666,2023.0,454.0,True,False,False,False,False,False,False,False,True,False,False,False,False,False,True,False,False,False,False,False,False,303.57142857142856,48.53660678088485,347.43333333333334,97.43138463885037,331.82142857142856,22.46815039529325,318.0,9.014085,145.0
2023-06-17,34.11272727272727,0.68652797,10.476191,0.3523116883116883,2023.0,275.0,False,False,False,False,False,False,False,True,False,False,False,False,False,False,True,False,False,False,False,False,False,313.07142857142856,63.054877546607166,353.6333333333333,98.1179737948615,334.42857142857144,-40.50337470123184,264.0,9.041916,-179.0
2023-06-18,80.90205011389521,0.7055209,7.568807,0.3022276129337632,2023.0,439.0,True,False,True,False,False,False,False,False,False,False,False,False,False,False,True,False,False,False,False,False,False,313.07142857142856,63.054877546607166,348.23333333333335,97.82908506705664,333.2857142857142,78.11679904394191,381.0,10.476191,164.0
2023-06-19,53.09139784946237,0.71866417,8.670213,0.4497146968921163,2023.0,372.0,True,False,False,False,True,False,False,False,False,False,False,False,False,False,True,False,False,False,False,False,False,318.07142857142856,70.20131960814781,342.6333333333333,86.67875026283184,333.21428571428567,35.19932800147085,375.0,7.568807,-67.0
2023-06-20,41.44660194174757,0.6962204,9.809524,0.4797965788257051,2023.0,309.0,False,False,False,False,False,True,False,False,False,False,False,False,False,False,True,False,False,False,False,False,False,321.35714285714283,71.66224962962066,340.6333333333333,85.22565719123611,334.6428571428571,-57.16071060856775,280.0,8.670213,-63.0
2023-06-21,63.34707903780069,0.67668045,9.125,0.24801178203240057,2023.0,291.0,False,False,False,False,False,False,True,False,False,False,False,False,False,False,True,False,False,False,False,False,False,326.64285714285717,67.40532636207666,334.76666666666665,80.89272732040419,335.85714285714283,-48.06225501011215,256.0,9.809524,-18.0
2023-06-22,34.55234657039711,0.67510825,8.970589,0.31943363495710064,2023.0,277.0,False,False,False,True,False,False,False,False,False,False,False,False,False,False,True,False,False,False,False,False,False,330.42857142857144,63.414041499818524,324.73333333333335,64.9912107231763,335.0,-4.8093592572163955,309.0,9.125,-14.0
2023-06-23,53.256723716381416,0.7120916,8.117647,0.47406090242276056,2023.0,409.0,True,False,False,False,False,False,False,False,True,False,False,False,False,False,True,False,False,False,False,False,False,328.57142857142856,64.64782022110805,322.5,65.45582874917494,333.7857142857142,52.79150946865232,454.0,8.970589,132.0
2023-06-24,57.8089430894309,0.6720264,10.588235,0.3794425087108014,2023.0,246.0,False,False,False,False,False,False,False,True,False,False,False,False,False,False,True,False,False,False,False,False,False,335.07142857142856,67.99147490193684,327.9,65.6943549771364,335.82142857142856,-45.833973156830304,275.0,8.117647,-163.0
2023-06-25,73.8174386920981,0.71067953,7.744681,0.4500670386228969,2023.0,367.0,True,False,True,False,False,False,False,False,False,False,False,False,False,False,True,False,False,False,False,False,False,333.7857142857143,69.59020551267794,325.0,67.36058399288123,337.9642857142857,72.90837562051848,439.0,10.588235,121.0
2023-06-26,70.3204134366925,0.71337384,8.878505,0.3802879291251384,2023.0,387.0,True,False,False,False,True,False,False,False,False,False,False,False,False,False,True,False,False,False,False,False,False,332.7857142857143,68.95726499509999,321.8333333333333,62.77495840141026,335.5,37.88694704908991,372.0,7.744681,20.0
2023-06-27,36.79545454545455,0.6909915,9.649123,0.40816326530612246,2023.0,308.0,False,False,False,False,False,True,False,False,False,False,False,False,False,False,True,False,False,False,False,False,False,333.64285714285717,69.59399525694887,321.56666666666666,62.469680001903065,333.42857142857144,-43.99951369737084,309.0,8.878505,-79.0
2023-06-28,39.17557251908397,0.6647725,10.0,0.270010905125409,2023.0,262.0,False,False,False,False,False,False,True,False,False,False,False,False,False,False,True,False,False,False,False,False,False,335.64285714285717,68.32457283252711,317.56666666666666,59.17460040704349,332.71428571428567,-43.15347122632837,291.0,9.649123,-46.0
2023-06-29,53.81003584229391,0.6710469,9.655172,0.374910394265233,2023.0,279.0,False,False,False,True,False,False,False,False,False,False,False,False,False,False,True,False,False,False,False,False,False,336.07142857142856,67.8034084526895,315.7,60.03743085316205,332.8928571428571,-15.848451921309065,277.0,10.0,17.0
2023-06-30,114.22888888888889,0.70827264,8.77193,0.42570274170274175,2023.0,450.0,True,False,False,False,False,False,False,False,True,False,False,False,False,False,True,False,False,False,False,False,False,333.92857142857144,69.18477409830153,316.1,59.741021544432535,331.57142857142856,22.46815039529325,409.0,9.655172,171.0
2023-07-01,38.61904761904762,0.65759045,9.506173,0.3744047619047619,2023.0,336.0,False,True,False,False,False,False,False,True,False,False,False,False,False,False,False,True,False,False,False,False,False,333.64285714285717,68.65701504060428,322.6333333333333,63.32536852518517,328.8928571428571,-40.50337470123184,246.0,8.77193,-114.0
2023-07-02,86.56849315068493,0.69992054,8.660714,0.3550673071221016,2023.0,438.0,True,True,True,False,False,False,False,False,False,False,False,False,False,False,False,True,False,False,False,False,False,338.0,66.55246628961858,323.7,63.27016511044828,327.42857142857144,78.11679904394191,367.0,9.506173,102.0
2023-07-03,22.292763157894736,0.70775294,9.779411,0.30742481203007516,2023.0,304.0,True,True,False,False,True,False,False,False,False,False,False,False,False,False,False,True,False,False,False,False,False,337.92857142857144,66.43616286529335,327.6,66.61552061049163,323.32142857142856,35.19932800147085,387.0,8.660714,-134.0
2023-07-04,27.015673981191224,0.6761815,9.724138,0.4408419167039857,2023.0,319.0,False,True,False,False,False,True,False,False,False,False,False,False,False,False,False,True,False,False,False,False,False,333.07142857142856,66.23903599925,328.56666666666666,66.03378619722004,320.75,-57.16071060856775,308.0,9.779411,15.0
2023-07-05,54.26053639846743,0.6777835,8.085107,0.3758073344280241,2023.0,261.0,False,True,False,False,False,False,True,False,False,False,False,False,False,False,False,True,False,False,False,False,False,333.7857142857143,66.01302735233273,326.9,65.60768983524096,322.4285714285714,-48.06225501011215,262.0,9.724138,-58.0
2023-07-06,55.669871794871796,0.6622205,9.220779,0.4361721611721612,2023.0,312.0,False,True,False,True,False,False,False,False,False,False,False,False,False,False,False,True,False,False,False,False,False,331.64285714285717,67.96674202856916,324.73333333333335,66.70259951163173,331.21428571428567,-4.8093592572163955,279.0,8.085107,51.0
2023-07-07,43.17804154302671,0.70070916,8.275862,0.40076303518440015,2023.0,337.0,True,True,False,False,False,False,False,False,True,False,False,False,False,False,False,True,False,False,False,False,False,334.14285714285717,66.42851234784128,327.3,64.57828715918168,337.25,52.79150946865232,450.0,9.220779,25.0
2023-07-08,47.97119341563786,0.65488636,7.6363635,0.3742504409171076,2023.0,243.0,False,True,False,False,False,False,False,True,False,False,False,False,False,False,False,True,False,False,False,False,False,329.0,62.879616362110546,330.6,62.34863049127758,335.0,-45.833973156830304,336.0,8.275862,-94.0
2023-07-09,53.401215805471125,0.7008662,7.704918,0.4588639324201634,2023.0,329.0,True,True,True,False,False,False,False,False,False,False,False,False,False,False,False,True,False,False,False,False,False,328.7857142857143,63.188580481735386,328.6,64.1993662016191,334.96428571428567,72.90837562051848,438.0,7.6363635,86.0
2023-07-10,51.5,0.6991406,8.675497,0.40046082949308753,2023.0,310.0,True,True,False,False,True,False,False,False,False,False,False,False,False,False,False,True,False,False,False,False,False,326.07142857142856,62.229679149365815,328.96666666666664,64.16814298943504,339.6785714285714,37.88694704908991,304.0,7.704918,-19.0
2023-07-11,28.162939297124602,0.69903445,9.731544,0.35518028297581017,2023.0,313.0,False,True,False,False,False,True,False,False,False,False,False,False,False,False,False,True,False,False,False,False,False,320.57142857142856,59.78514645180509,330.5,63.102953644188695,344.96428571428567,-43.99951369737084,319.0,8.675497,3.0
2023-07-12,50.55592105263158,0.6769322,9.444445,0.3457236842105263,2023.0,304.0,False,True,False,False,False,False,True,False,False,False,False,False,False,False,False,True,False,False,False,False,False,320.92857142857144,59.719168789251974,328.23333333333335,62.444283211091985,349.10714285714283,-43.15347122632837,261.0,9.731544,-9.0
2023-07-13,57.97308488612836,0.7032511,9.455253,0.42288456884730175,2023.0,483.0,False,True,False,True,False,False,False,False,False,False,False,False,False,False,False,True,False,False,False,False,False,323.92857142857144,57.54658886597829,325.8666666666667,61.95422856255695,353.3928571428571,-15.848451921309065,312.0,9.444445,179.0
2023-07-14,77.21927710843373,0.6754766,9.075145,0.49490637876180044,2023.0,415.0,True,True,False,False,False,False,False,False,True,False,False,False,False,False,False,True,False,False,False,False,False,338.5,69.81486506909135,332.6333333333333,67.6004913945272,356.46428571428567,22.46815039529325,337.0,9.455253,-68.0
2023-07-15,56.40909090909091,0.64789027,7.6344085,0.4315914244485673,2023.0,308.0,False,True,False,False,False,False,False,True,False,False,False,False,False,False,False,True,False,False,False,False,False,336.0,66.03961515053534,337.93333333333334,67.61806192764261,360.8928571428571,-40.50337470123184,243.0,9.075145,-107.0
2023-07-16,76.10752688172043,0.69527435,8.641975,0.4835618861425313,2023.0,465.0,True,True,True,False,False,False,False,False,False,False,False,False,False,False,False,True,False,False,False,False,False,334.0,66.46225070843461,337.9,67.63306169679659,369.3928571428571,78.11679904394191,329.0,7.6344085,157.0
2023-07-17,68.92176039119805,0.7041538,9.065934,0.4713237862382117,2023.0,409.0,True,True,False,False,True,False,False,False,False,False,False,False,False,False,False,True,False,False,False,False,False,335.92857142857144,70.00930079498184,338.26666666666665,68.31061579202016,379.17857142857144,35.19932800147085,310.0,8.641975,-56.0
2023-07-18,54.34254143646409,0.6571597,9.619047,0.4490134175217048,2023.0,362.0,False,True,False,False,False,True,False,False,False,False,False,False,False,False,False,True,False,False,False,False,False,343.42857142857144,71.92379972605046,342.73333333333335,68.41200405521322,384.60714285714283,-57.16071060856775,313.0,9.065934,-47.0
2023-07-19,68.61077844311377,0.6654398,7.886179,0.29187339606501284,2023.0,334.0,False,True,False,False,False,False,True,False,False,False,False,False,False,False,False,True,False,False,False,False,False,346.5,71.71819852729186,340.1666666666667,66.08045427190665,387.57142857142856,-48.06225501011215,304.0,9.619047,-28.0
2023-07-20,41.77715877437326,0.6587805,9.764706,0.45245752390599187,2023.0,359.0,False,True,False,True,False,False,False,False,False,False,False,False,False,False,False,True,False,False,False,False,False,351.7142857142857,67.55673236556173,338.9,65.81287474923548,386.35714285714283,-4.8093592572163955,483.0,7.886179,25.0
2023-07-21,60.75,0.6783742,8.431373,0.42872340425531913,2023.0,376.0,True,True,False,False,False,False,False,False,True,False,False,False,False,False,False,True,False,False,False,False,False,355.07142857142856,66.59228909590821,340.56666666666666,65.66250351468506,383.92857142857144,52.79150946865232,415.0,9.764706,17.0
2023-07-22,68.46951219512195,0.63314384,10.0,0.38310104529616723,2023.0,328.0,False,True,False,False,False,False,False,True,False,False,False,False,False,False,False,True,False,False,False,False,False,357.85714285714283,66.59389801436241,343.4,65.28272729258909,388.0,-45.833973156830304,308.0,8.431373,-48.0
2023-07-23,115.73029045643153,0.67926496,7.808765,0.49254728673815806,2023.0,482.0,True,True,True,False,False,False,False,False,False,False,False,False,False,False,False,True,False,False,False,False,False,363.92857142857144,58.72683083004488,345.1,64.14818512765851,389.9642857142857,72.90837562051848,465.0,10.0,154.0
2023-07-24,64.29234338747099,0.67432433,8.5561495,0.50195558501823,2023.0,431.0,True,True,False,False,True,False,False,False,False,False,False,False,False,False,False,True,False,False,False,False,False,374.85714285714283,65.56483243894782,347.53333333333336,67.92883361858604,387.5357142857143,37.88694704908991,409.0,7.808765,-51.0
2023-07-25,53.92732558139535,0.6386709,8.367347,0.4647009966777409,2023.0,344.0,False,True,False,False,False,True,False,False,False,False,False,False,False,False,False,True,False,False,False,False,False,383.5,64.32100984664622,353.7,66.7812434951503,388.10714285714283,-43.99951369737084,362.0,8.5561495,-87.0
2023-07-26,53.497191011235955,0.65821177,8.841463,0.5341894060995185,2023.0,356.0,False,True,False,False,False,False,True,False,False,False,False,False,False,False,False,True,False,False,False,False,False,385.7142857142857,62.20614435571817,352.93333333333334,66.75530888526957,391.32142857142856,-43.15347122632837,334.0,8.367347,12.0
2023-07-27,82.639798488665,0.6201599,8.2550335,0.4215185318459878,2023.0,397.0,False,True,False,True,False,False,False,False,False,False,False,False,False,False,False,True,False,False,False,False,False,389.42857142857144,58.38692462386608,351.9,66.44902116504831,396.0,-15.848451921309065,359.0,8.841463,41.0
2023-07-28,95.47806004618937,0.68442076,8.75,0.427185747278126,2023.0,433.0,True,True,False,False,False,False,False,False,True,False,False,False,False,False,False,True,False,False,False,False,False,383.2857142857143,51.95475631062814,354.8666666666667,66.4082116512151,400.8928571428571,22.46815039529325,376.0,8.2550335,36.0
2023-07-29,62.18811881188119,0.6466334,8.505155,0.5269448373408769,2023.0,404.0,False,True,False,False,False,False,False,True,False,False,False,False,False,False,False,True,False,False,False,False,False,384.57142857142856,53.01192069962932,360.56666666666666,65.49476595741089,407.75,-40.50337470123184,328.0,8.75,-29.0
2023-07-30,91.90801886792453,0.6843861,7.7375565,0.41617250673854445,2023.0,424.0,True,True,True,False,False,False,False,False,False,False,False,False,False,False,False,True,False,False,False,False,False,391.42857142857144,48.349233206416045,364.73333333333335,64.08772723079771,411.5,78.11679904394191,482.0,8.505155,20.0
2023-07-31,101.26701570680628,0.67881703,8.620689,0.5367988032909499,2023.0,382.0,True,True,False,False,True,False,False,False,False,False,False,False,False,False,False,True,False,False,False,False,False,388.5,44.65035101938056,363.8666666666667,63.06249409054067,410.07142857142856,35.19932800147085,431.0,7.7375565,-42.0
2023-08-01,57.10123456790124,0.6489449,8.854167,0.5396622307733419,2023.0,405.0,False,True,False,False,False,True,False,False,False,False,False,False,False,False,False,False,True,False,False,False,False,386.57142857142856,44.27834039992331,365.4,62.92063967055373,413.5,-57.16071060856775,344.0,8.620689,23.0
2023-08-02,45.82939632545932,0.6389819,9.878049,0.4459147152060538,2023.0,381.0,False,True,False,False,False,False,True,False,False,False,False,False,False,False,False,False,True,False,False,False,False,389.64285714285717,43.9328283473015,364.3,61.887634551215186,417.5,-48.06225501011215,356.0,8.854167,-24.0
2023-08-03,92.14446952595937,0.6354869,7.9459457,0.41658067290121464,2023.0,443.0,False,True,False,True,False,False,False,False,False,False,False,False,False,False,False,False,True,False,False,False,False,393.0,41.055309784953685,366.8666666666667,60.88923427482603,419.9285714285714,-4.8093592572163955,397.0,9.878049,62.0
2023-08-04,58.95104895104895,0.6939044,7.7021275,0.4973082473082473,2023.0,429.0,True,True,False,False,False,False,False,False,True,False,False,False,False,False,False,False,True,False,False,False,False,399.0,41.83484009953783,371.0,61.73078369154526,423.4285714285714,52.79150946865232,433.0,7.9459457,-14.0
2023-08-05,145.3319057815846,0.62885755,8.253968,0.5345643649712172,2023.0,467.0,False,True,False,False,False,False,False,True,False,False,False,False,False,False,False,False,True,False,False,False,False,402.7857142857143,41.99116861624946,376.6,58.96615043015493,427.14285714285705,-45.833973156830304,404.0,7.7021275,38.0
2023-08-06,178.53125,0.65364283,7.3863635,0.4358418367346939,2023.0,448.0,True,True,True,False,False,False,False,False,False,False,False,False,False,False,False,False,True,False,False,False,False,412.7142857142857,39.29460438871965,381.76666666666665,59.89397720762133,430.6785714285714,72.90837562051848,424.0,8.253968,-19.0
2023-08-07,112.79529411764706,0.68308514,7.010309,0.4328739495798319,2023.0,425.0,True,True,False,False,True,False,False,False,False,False,False,False,False,False,False,False,True,False,False,False,False,410.2857142857143,35.555868435742525,385.46666666666664,60.459010527984375,430.2857142857143,37.88694704908991,382.0,7.3863635,-23.0
2023-08-08,102.30044843049328,0.6417334,7.9781423,0.4902626521460602,2023.0,446.0,False,True,False,False,False,True,False,False,False,False,False,False,False,False,False,False,True,False,False,False,False,409.85714285714283,35.322377180342514,391.53333333333336,54.508925769140646,429.32142857142856,-43.99951369737084,405.0,7.010309,21.0
2023-08-09,43.650273224043715,0.64657295,7.3287673,0.4867504080618835,2023.0,366.0,False,True,False,False,False,False,True,False,False,False,False,False,False,False,False,False,True,False,False,False,False,417.14285714285717,30.941277241941524,395.43333333333334,54.06425508744995,434.74999999999994,-43.15347122632837,381.0,7.9781423,-80.0
2023-08-10,107.54505494505494,0.63942397,7.1291866,0.42159935302792445,2023.0,455.0,False,True,False,True,False,False,False,False,False,False,False,False,False,False,False,False,True,False,False,False,False,417.85714285714283,29.503212713865782,397.3,51.93772796538981,437.0,-15.848451921309065,443.0,7.3287673,89.0
2023-08-11,136.17547568710359,0.6817366,6.890756,0.3801872546058592,2023.0,473.0,True,True,False,False,False,False,False,False,True,False,False,False,False,False,False,False,True,False,False,False,False,422.0,30.40748895610151,402.03333333333336,50.43909494479964,434.5357142857142,22.46815039529325,429.0,7.1291866,18.0
2023-08-12,102.85042735042735,0.64533675,8.264462,0.49908424908424903,2023.0,468.0,False,True,False,False,False,False,False,True,False,False,False,False,False,False,False,False,True,False,False,False,False,424.85714285714283,33.26549874259301,407.6666666666667,48.51329951554518,428.46428571428567,-40.50337470123184,467.0,6.890756,-5.0
2023-08-13,77.06535947712419,0.69041544,7.925311,0.461507700723387,2023.0,459.0,True,True,True,False,False,False,False,False,False,False,False,False,False,False,False,False,True,False,False,False,False,429.42857142857144,34.55144277453906,407.1666666666667,47.78189191945247,418.57142857142856,78.11679904394191,448.0,8.264462,-9.0
2023-08-14,62.776785714285715,0.6853351,8.56,0.48664965986394554,2023.0,336.0,True,True,False,False,True,False,False,False,False,False,False,False,False,False,False,False,True,False,False,False,False,431.92857142857144,35.38462135690417,408.6333333333333,48.697152315901384,410.10714285714283,35.19932800147085,425.0,7.925311,-123.0
2023-08-15,58.160377358490564,0.64972943,8.497109,0.5020215633423181,2023.0,424.0,False,True,False,False,False,True,False,False,False,False,False,False,False,False,False,False,True,False,False,False,False,428.64285714285717,41.91127467704836,409.56666666666666,46.93846546522184,400.60714285714283,-57.16071060856775,446.0,8.56,88.0
2023-08-16,76.88132295719845,0.64592975,7.935943,0.5504270049017131,2023.0,514.0,False,True,False,False,False,False,True,False,False,False,False,False,False,False,False,False,True,False,False,False,False,430.0,41.391191928124265,408.2,45.85313887649922,394.3571428571429,-48.06225501011215,366.0,8.497109,90.0
2023-08-17,92.0911528150134,0.6368676,7.988506,0.46549214860206817,2023.0,373.0,False,True,False,True,False,False,False,False,False,False,False,False,False,False,False,False,True,False,False,False,False,439.5,44.43101827119691,411.7,49.75744615910066,390.8214285714286,-4.8093592572163955,455.0,7.935943,-141.0
2023-08-18,85.24883720930232,0.673713,7.914692,0.5054485049833888,2023.0,430.0,True,True,False,False,False,False,False,False,True,False,False,False,False,False,False,False,True,False,False,False,False,434.5,47.8165565146961,412.06666666666666,49.41794545843921,389.7857142857143,52.79150946865232,473.0,7.988506,57.0
2023-08-19,109.67229729729729,0.60902125,8.346457,0.371042471042471,2023.0,296.0,False,True,False,False,False,False,False,True,False,False,False,False,False,False,False,False,True,False,False,False,False,434.57142857142856,47.80845481343652,415.26666666666665,47.24910751452857,400.82142857142856,-45.833973156830304,468.0,7.914692,-134.0
2023-08-20,98.95029239766082,0.6615427,6.7015705,0.435421888053467,2023.0,342.0,True,True,True,False,False,False,False,False,False,False,False,False,False,False,False,False,True,False,False,False,False,422.35714285714283,59.33945002837809,413.1666666666667,51.0807901900188,437.82142857142856,72.90837562051848,459.0,8.346457,46.0
2023-08-21,59.21768707482993,0.7048136,7.862069,0.45235665694849364,2023.0,294.0,True,True,False,False,True,False,False,False,False,False,False,False,False,False,False,False,True,False,False,False,False,414.7857142857143,62.49452723291844,412.03333333333336,52.29655710519968,481.21428571428567,37.88694704908991,336.0,6.7015705,-48.0
2023-08-22,40.241157556270096,0.65367776,8.389262,0.3780431786862655,2023.0,311.0,False,True,False,False,False,True,False,False,False,False,False,False,False,False,False,False,True,False,False,False,False,405.42857142857144,70.18186735542562,410.9,54.50235679813914,494.96428571428567,-43.99951369737084,424.0,7.862069,17.0
2023-08-23,56.88957055214724,0.64335734,7.579618,0.29779831620322417,2023.0,326.0,False,True,False,False,False,False,True,False,False,False,False,False,False,False,False,False,True,False,False,False,False,395.7857142857143,73.38012576401673,405.2,55.73793359444939,483.96428571428567,-43.15347122632837,514.0,8.389262,15.0
2023-08-24,111.46464646464646,0.6180275,7.311321,0.4443941580305217,2023.0,396.0,False,True,False,True,False,False,False,False,False,False,False,False,False,False,False,False,True,False,False,False,False,392.92857142857144,75.38053644492939,401.7,57.335762445199535,474.5,-15.848451921309065,373.0,7.579618,70.0
2023-08-25,192.9324055666004,0.6797314,6.382979,0.35214169528284833,2023.0,503.0,True,True,False,False,False,False,False,False,True,False,False,False,False,False,False,False,True,False,False,False,False,388.7142857142857,73.26288657601886,403.43333333333334,56.30807091860501,470.85714285714283,22.46815039529325,430.0,7.311321,107.0
2023-08-26,322.5903614457831,0.6481301,5.4013014,0.519723144622743,2023.0,747.0,False,True,False,False,False,False,False,True,False,False,False,False,False,False,False,False,True,False,False,False,False,390.85714285714283,76.29382185175487,408.3333333333333,58.39540211785245,468.1071428571428,-40.50337470123184,296.0,6.382979,244.0
2023-08-27,534.5435855263158,0.6907296,5.2919254,0.6341373477886636,2023.0,1216.0,True,True,True,False,False,False,False,False,False,False,False,False,False,False,False,False,True,False,False,False,False,410.7857142857143,121.21067392159623,420.0,84.96936567639077,468.8928571428571,78.11679904394191,342.0,5.4013014,469.0
2023-08-28,402.15113350125944,0.7208552,7.104762,0.5960809970885538,2023.0,794.0,True,True,False,False,True,False,False,False,False,False,False,False,False,False,False,False,True,False,False,False,False,464.85714285714283,247.46557092090376,446.1,168.39861372187184,477.07142857142856,35.19932800147085,294.0,5.2919254,-422.0
2023-08-29,47.9059829059829,0.68153983,6.807512,0.35775335775335776,2023.0,351.0,False,True,False,False,False,True,False,False,False,False,False,False,False,False,False,False,True,False,False,False,False,497.57142857142856,259.11943022644823,459.1,179.71017855386486,484.8928571428571,-57.16071060856775,311.0,7.104762,-443.0
2023-08-30,32.67025089605735,0.68477494,8.4375,0.35935080451209483,2023.0,279.0,False,True,False,False,False,False,True,False,False,False,False,False,False,False,False,False,True,False,False,False,False,492.35714285714283,261.4379194269373,456.6666666666667,180.69336444380826,489.17857142857144,-48.06225501011215,326.0,6.807512,-72.0
2023-08-31,63.393586005830905,0.7014152,7.9475985,0.3842338419597895,2023.0,343.0,False,True,False,True,False,False,False,False,False,False,False,False,False,False,False,False,True,False,False,False,False,475.57142857142856,267.4171947425148,453.23333333333335,183.12322652234465,489.7857142857143,-4.8093592572163955,396.0,8.4375,64.0
2023-09-01,61.96648044692738,0.6760955,8.518518,0.3836392657621707,2023.0,358.0,True,False,False,False,False,False,False,False,True,False,False,False,False,False,False,False,False,True,False,False,False,473.42857142857144,268.42065559797817,451.1666666666667,184.03393302798005,479.6428571428571,52.79150946865232,503.0,7.9475985,15.0
2023-09-02,35.422680412371136,0.6964158,9.454545,0.35050257112112787,2023.0,291.0,False,False,False,False,False,False,False,True,False,False,False,False,False,False,False,False,False,True,False,False,False,468.2857142857143,270.0018314956198,450.4,184.38389487603058,456.57142857142856,-45.833973156830304,747.0,8.518518,-67.0
2023-09-03,78.78861788617886,0.6964707,8.470589,0.24475279312677686,2023.0,369.0,True,False,True,False,False,False,False,False,False,False,False,False,False,False,False,False,False,True,False,False,False,467.92857142857144,270.25044347383084,445.3333333333333,186.6684934229168,410.8571428571428,72.90837562051848,1216.0,9.454545,78.0
2023-09-04,201.25604838709677,0.6858,6.546392,0.4383064516129032,2023.0,496.0,True,False,False,False,True,False,False,False,False,False,False,False,False,False,False,False,False,True,False,False,False,469.85714285714283,269.37758948042756,443.3333333333333,187.1702771373652,366.99999999999994,37.88694704908991,794.0,8.470589,127.0
2023-09-05,27.1890243902439,0.7120604,6.0,0.4847560975609756,2023.0,328.0,False,False,False,False,False,True,False,False,False,False,False,False,False,False,False,False,False,True,False,False,False,484.2857142857143,264.601130461981,444.3,187.3715007954645,348.5357142857143,-43.99951369737084,351.0,6.546392,-168.0
2023-09-06,79.34265734265735,0.6881317,6.923077,0.3471861471861472,2023.0,429.0,False,False,False,False,False,False,True,False,False,False,False,False,False,False,False,False,False,True,False,False,False,485.5,263.782471570217,440.3,188.56685451237072,344.1785714285714,-43.15347122632837,279.0,6.0,101.0
2023-09-07,52.61290322580645,0.6954658,7.9792747,0.3540092165898618,2023.0,310.0,False,False,False,True,False,False,False,False,False,False,False,False,False,False,False,False,False,True,False,False,False,492.85714285714283,260.4064447810701,440.43333333333334,188.55707694055863,345.3928571428571,-15.848451921309065,343.0,6.923077,-119.0
2023-09-08,61.131147540983605,0.68473965,7.127072,0.39091334894613583,2023.0,305.0,True,False,False,False,False,False,False,False,True,False,False,False,False,False,False,False,False,True,False,False,False,486.7142857142857,263.85847855109137,435.9,190.04760746573004,345.60714285714283,22.46815039529325,358.0,7.9792747,-5.0
2023-09-09,50.36789297658863,0.6741471,6.4534883,0.43220258002866696,2023.0,299.0,False,False,False,False,False,False,False,True,False,False,False,False,False,False,False,False,False,True,False,False,False,472.57142857142856,268.1892885733778,433.8666666666667,191.1444179298654,345.07142857142856,-40.50337470123184,291.0,7.127072,-6.0
2023-09-10,77.34635416666667,0.6879041,6.937269,0.3713286135161135,2023.0,384.0,True,False,True,False,False,False,False,False,False,False,False,False,False,False,False,False,False,True,False,False,False,440.57142857142856,259.513068971551,428.6666666666667,192.6655729197764,351.1785714285714,78.11679904394191,369.0,6.4534883,85.0
2023-09-11,86.8391959798995,0.68019176,6.4310956,0.3959628590281856,2023.0,398.0,True,False,False,False,True,False,False,False,False,False,False,False,False,False,False,False,False,True,False,False,False,381.14285714285717,132.42638427725524,425.7,192.64459862479995,353.32142857142856,35.19932800147085,496.0,6.937269,14.0
2023-09-12,139.7521739130435,0.69990873,9.076923,0.276783988957902,2023.0,230.0,False,False,False,False,False,True,False,False,False,False,False,False,False,False,False,False,False,True,False,False,False,352.85714285714283,59.87789773666623,423.3666666666667,192.5384839872068,351.6785714285714,-57.16071060856775,328.0,6.4310956,-168.0
2023-09-13,63.672661870503596,0.6721658,7.2941175,0.22857142857142856,2023.0,278.0,False,False,False,False,False,False,True,False,False,False,False,False,False,False,False,False,False,True,False,False,False,344.2142857142857,68.30607425566048,415.73333333333335,195.59228059891578,347.0,-48.06225501011215,429.0,9.076923,48.0
2023-09-14,182.0899470899471,0.67753625,7.490196,0.44482237339380193,2023.0,378.0,False,False,False,True,False,False,False,False,False,False,False,False,False,False,False,False,False,True,False,False,False,344.14285714285717,68.37999836080868,413.8,196.6911459536287,339.82142857142856,-4.8093592572163955,310.0,7.2941175,100.0
2023-09-15,138.37993920972644,0.6950942,7.061856,0.4442353773660765,2023.0,329.0,True,False,False,False,False,False,False,False,True,False,False,False,False,False,False,False,False,True,False,False,False,346.64285714285717,68.97224318282211,412.26666666666665,196.78816430160464,342.10714285714283,52.79150946865232,305.0,7.490196,-49.0
2023-09-16,98.58032786885246,0.6621702,8.39779,0.3205620608899297,2023.0,305.0,False,False,False,False,False,False,False,True,False,False,False,False,False,False,False,False,False,True,False,False,False,344.57142857142856,69.0403608664631,406.1,196.38848726703515,345.6428571428571,-45.833973156830304,299.0,7.061856,-24.0
2023-09-17,125.68250950570342,0.7166382,6.694215,0.47842081872500125,2023.0,526.0,True,False,True,False,False,False,False,False,False,False,False,False,False,False,False,False,False,True,False,False,False,345.57142857142856,68.30217282917751,403.8333333333333,197.17453905252236,357.14285714285717,72.90837562051848,384.0,8.39779,221.0
2023-09-18,76.23558897243107,0.6920684,7.823129,0.4704202786909554,2023.0,399.0,True,False,False,False,True,False,False,False,False,False,False,False,False,False,False,False,False,True,False,False,False,356.7857142857143,83.61650423343349,407.03333333333336,198.38911318387662,367.42857142857144,37.88694704908991,398.0,6.694215,-127.0
2023-09-19,33.58311345646438,0.70551,8.464567,0.3697083918719803,2023.0,379.0,False,False,False,False,False,True,False,False,False,False,False,False,False,False,False,False,False,True,False,False,False,349.85714285714283,74.74145913939422,410.46666666666664,197.2895182795793,373.17857142857144,-43.99951369737084,230.0,7.823129,-20.0
2023-09-20,64.1497975708502,0.68867123,7.1527777,0.413681055786319,2023.0,247.0,False,False,False,False,False,False,True,False,False,False,False,False,False,False,False,False,False,True,False,False,False,353.5,74.83700236565429,411.7,196.9621265887043,379.7857142857142,-43.15347122632837,278.0,8.464567,-132.0
2023-09-21,55.99312714776632,0.6688271,8.529411,0.5126165930289642,2023.0,291.0,False,False,False,True,False,False,False,False,False,False,False,False,False,False,False,False,False,True,False,False,False,340.5,76.50213672229648,410.1333333333333,198.11416655177817,378.75,-15.848451921309065,378.0,7.1527777,44.0
2023-09-22,78.4201030927835,0.6760747,7.6771655,0.4010247913598429,2023.0,388.0,True,False,False,False,False,False,False,False,True,False,False,False,False,False,False,False,False,True,False,False,False,339.14285714285717,77.2497021581087,409.46666666666664,198.4925488627292,380.5357142857143,22.46815039529325,329.0,8.529411,97.0
2023-09-23,90.61587301587302,0.6668035,7.096774,0.44317460317460317,2023.0,315.0,False,False,False,False,False,False,False,True,False,False,False,False,False,False,False,False,False,True,False,False,False,345.07142857142856,77.61191847976644,411.53333333333336,197.91547017182182,384.5,-40.50337470123184,305.0,7.6771655,-73.0
2023-09-24,67.94782608695652,0.7048045,7.43346,0.6693362890464339,2023.0,690.0,True,False,True,False,False,False,False,False,False,False,False,False,False,False,False,False,False,True,False,False,False,346.2142857142857,76.99668181804353,408.8333333333333,198.68569587951316,387.2857142857142,78.11679904394191,526.0,7.096774,375.0
2023-09-25,60.060526315789474,0.69358414,7.704918,0.5597723475355054,2023.0,380.0,True,False,False,False,True,False,False,False,False,False,False,False,False,False,False,False,False,True,False,False,False,368.07142857142856,119.98170648107116,415.06666666666666,204.58754695194926,387.82142857142856,35.19932800147085,399.0,7.43346,-310.0
2023-09-26,48.220048899755504,0.7043995,8.505747,0.5983791812642668,2023.0,409.0,False,False,False,False,False,True,False,False,False,False,False,False,False,False,False,False,False,True,False,False,False,366.7857142857143,119.73250864478555,402.8333333333333,194.7930968353668,380.35714285714283,-57.16071060856775,379.0,7.704918,29.0
2023-09-27,50.86971830985915,0.6922904,8.196721,0.43704635218719723,2023.0,284.0,False,False,False,False,False,False,True,False,False,False,False,False,False,False,False,False,False,True,False,False,False,379.57142857142856,113.39157090211059,375.93333333333334,119.98216342536021,374.8928571428571,-48.06225501011215,247.0,8.505747,-125.0
2023-09-28,56.51020408163265,0.6803839,7.8010473,0.5055856356147901,2023.0,343.0,False,False,False,True,False,False,False,False,False,False,False,False,False,False,False,False,False,True,False,False,False,380.0,112.98876731101,358.93333333333334,91.44017578245574,373.96428571428567,-4.8093592572163955,291.0,8.196721,59.0
2023-09-29,47.55555555555556,0.7157609,8.0,0.5599033816425121,2023.0,414.0,True,False,False,False,False,False,False,False,True,False,False,False,False,False,False,False,False,True,False,False,False,377.5,113.42279651476942,358.6666666666667,91.47576778553974,372.2857142857143,52.79150946865232,388.0,7.8010473,71.0
2023-09-30,55.740181268882175,0.6818794,7.5238094,0.5375821224763823,2023.0,331.0,False,False,False,False,False,False,False,True,False,False,False,False,False,False,False,False,False,True,False,False,False,383.57142857142856,112.90071491612198,363.1666666666667,90.73914234784763,371.9285714285714,-45.833973156830304,315.0,8.0,-83.0
2023-10-01,86.87716262975779,0.7093287,6.5484633,0.6514372593957369,2023.0,578.0,True,False,True,False,False,False,False,False,False,False,False,False,False,False,False,False,False,False,True,False,False,385.42857142857144,111.71647787399785,362.76666666666665,90.85747965465127,366.57142857142856,72.90837562051848,690.0,7.5238094,247.0
2023-10-02,52.65469613259668,0.71473837,7.1359224,0.6139765851091818,2023.0,362.0,True,False,False,False,True,False,False,False,False,False,False,False,False,False,False,False,False,False,True,False,False,389.14285714285717,117.46610453354506,370.1,98.9752145915746,360.21428571428567,37.88694704908991,380.0,6.5484633,-216.0
2023-10-03,26.07246376811594,0.68526185,8.584906,0.48530020703933746,2023.0,207.0,False,False,False,False,False,True,False,False,False,False,False,False,False,False,False,False,False,False,True,False,False,386.5,117.64336589226593,372.46666666666664,97.86117307391254,355.96428571428567,-43.99951369737084,409.0,7.1359224,-155.0
2023-10-04,23.2406015037594,0.6918233,8.039216,0.5124597207303975,2023.0,266.0,False,False,False,False,False,False,True,False,False,False,False,False,False,False,False,False,False,False,True,False,False,374.2142857142857,127.08881120722607,367.06666666666666,102.42236196204921,354.60714285714283,-43.15347122632837,284.0,8.584906,59.0
2023-10-05,58.573170731707314,0.69162804,7.4264708,0.43751099848660824,2023.0,246.0,False,False,False,True,False,False,False,False,False,False,False,False,False,False,False,False,False,False,True,False,False,375.57142857142856,125.71990496931869,359.4,101.03724134165086,356.1428571428571,-15.848451921309065,343.0,8.039216,-20.0
2023-10-06,36.83937823834197,0.7183795,7.9352226,0.5788596550254581,2023.0,386.0,True,False,False,False,False,False,False,False,True,False,False,False,False,False,False,False,False,False,True,False,False,372.35714285714283,128.59094784677453,356.6666666666667,103.00597014279045,356.07142857142856,22.46815039529325,414.0,7.4264708,140.0
2023-10-07,98.37785016286645,0.68072706,6.5536723,0.5546765937645416,2023.0,307.0,False,False,False,False,False,False,False,True,False,False,False,False,False,False,False,False,False,False,True,False,False,372.2142857142857,128.57334247659745,355.23333333333335,102.26122173758895,353.9285714285714,-40.50337470123184,331.0,7.9352226,-79.0
2023-10-08,100.80839416058394,0.70109564,6.719101,0.70092899800929,2023.0,548.0,True,False,True,False,False,False,False,False,False,False,False,False,False,False,False,False,False,False,True,False,False,371.64285714285717,128.8646321012613,355.1333333333333,102.30843607422601,350.25,78.11679904394191,578.0,6.5536723,241.0
2023-10-09,57.88662790697674,0.7226968,7.84689,0.5586378737541529,2023.0,344.0,True,False,False,False,True,False,False,False,False,False,False,False,False,False,False,False,False,False,True,False,False,361.5,105.3161905881523,363.23333333333335,107.68078089757991,351.75,35.19932800147085,362.0,6.719101,-204.0
2023-10-10,33.99079754601227,0.7004202,9.180327,0.5355665920083098,2023.0,326.0,False,False,False,False,False,True,False,False,False,False,False,False,False,False,False,False,False,False,True,False,False,358.92857142857144,105.26922575050082,364.73333333333335,107.06682841630456,362.25,-57.16071060856775,207.0,7.84689,-18.0
2023-10-11,42.70820668693009,0.68224585,7.9710145,0.3967157462598192,2023.0,329.0,False,False,False,False,False,False,True,False,False,False,False,False,False,False,False,False,False,False,True,False,False,353.0,104.5672400530286,362.8,107.23046401929383,373.8928571428571,-48.06225501011215,266.0,9.180327,3.0
2023-10-12,46.483870967741936,0.7123924,6.4,0.5441977377461249,2023.0,341.0,False,False,False,True,False,False,False,False,False,False,False,False,False,False,False,False,False,False,True,False,False,356.2142857142857,102.96241179070282,360.5,107.18940696504113,381.9285714285714,-4.8093592572163955,246.0,7.9710145,12.0
2023-10-13,79.33816425120773,0.70190334,6.759582,0.5874312483008135,2023.0,414.0,True,False,False,False,False,False,False,False,True,False,False,False,False,False,False,False,False,False,True,False,False,356.07142857142856,102.98354184096559,364.2,104.40914215487648,387.7857142857143,52.79150946865232,386.0,6.4,73.0
2023-10-14,52.239852398523986,0.65255684,7.3006134,0.39999999999999997,2023.0,271.0,False,False,False,False,False,False,False,True,False,False,False,False,False,False,False,False,False,False,True,False,False,356.07142857142856,102.98354184096559,368.73333333333335,103.48577557870647,388.6071428571429,-45.833973156830304,307.0,6.759582,-143.0
2023-10-15,83.61869158878504,0.68074745,7.715736,0.5058154306752437,2023.0,535.0,True,False,True,False,False,False,False,False,False,False,False,False,False,False,False,False,False,False,True,False,False,351.7857142857143,105.3289196692026,365.1666666666667,104.98836826651002,383.85714285714283,72.90837562051848,548.0,7.3006134,264.0
2023-10-16,49.91275167785235,0.686068,8.532423,0.5736308434295011,2023.0,447.0,True,False,False,False,True,False,False,False,False,False,False,False,False,False,False,False,False,False,True,False,False,348.7142857142857,98.63953690969083,372.03333333333336,109.19374850532259,387.57142857142856,37.88694704908991,344.0,7.715736,-88.0
2023-10-17,37.27644230769231,0.6802435,6.743295,0.5387362637362638,2023.0,416.0,False,False,False,False,False,True,False,False,False,False,False,False,False,False,False,False,False,False,True,False,False,354.7857142857143,102.07627507930505,376.76666666666665,109.26547340381993,394.46428571428567,-43.99951369737084,326.0,8.532423,-31.0
2023-10-18,87.14882506527415,0.66787547,8.223141,0.5642919308715653,2023.0,383.0,False,False,False,False,False,False,True,False,False,False,False,False,False,False,False,False,False,False,True,False,False,369.7142857142857,93.74304369796333,373.1,105.87805282005085,395.25,-43.15347122632837,329.0,6.743295,-33.0
2023-10-19,76.09604519774011,0.6862223,7.231405,0.5620661824051654,2023.0,354.0,False,False,False,True,False,False,False,False,False,False,False,False,False,False,False,False,False,False,True,False,False,378.07142857142856,88.87455661316594,372.56666666666666,105.78334505939006,398.57142857142856,-15.848451921309065,341.0,8.223141,-29.0
2023-10-20,85.94343891402715,0.68461245,6.7785234,0.6114869879575762,2023.0,442.0,True,False,False,False,False,False,False,False,True,False,False,False,False,False,False,False,False,False,True,False,False,385.7857142857143,80.85426450047092,371.73333333333335,105.82937905546044,402.17857142857144,22.46815039529325,414.0,7.231405,88.0
2023-10-21,93.10218978102189,0.6572306,7.105263,0.43676493822479223,2023.0,274.0,False,False,False,False,False,False,False,True,False,False,False,False,False,False,False,False,False,False,True,False,False,389.7857142857143,82.23903113338741,378.23333333333335,103.87448770223735,404.9285714285714,-40.50337470123184,271.0,6.7785234,-168.0
2023-10-22,101.04910714285714,0.6842411,6.677741,0.5442461927953,2023.0,448.0,True,False,True,False,False,False,False,False,False,False,False,False,False,False,False,False,False,False,True,False,False,387.42857142857144,85.21350045233844,377.6666666666667,104.41176222990389,417.6428571428571,78.11679904394191,535.0,7.105263,174.0
2023-10-23,68.19343065693431,0.6988168,5.2105265,0.6381010311667246,2023.0,548.0,True,False,False,False,True,False,False,False,False,False,False,False,False,False,False,False,False,False,True,False,False,380.2857142857143,74.19768664383496,379.6666666666667,105.18828220217134,433.3928571428571,35.19932800147085,447.0,6.677741,100.0
2023-10-24,57.24444444444445,0.6778114,7.1764708,0.5279855241760003,2023.0,315.0,False,False,False,False,False,True,False,False,False,False,False,False,False,False,False,False,False,False,True,False,False,394.85714285714283,85.66828435923628,387.43333333333334,108.78916126708283,435.2857142857142,-57.16071060856775,416.0,5.2105265,-233.0
2023-10-25,51.40331491712707,0.6948083,8.80734,0.47096896351039996,2023.0,362.0,False,False,False,False,False,False,True,False,False,False,False,False,False,False,False,False,False,False,True,False,False,394.07142857142856,86.39574801299713,374.93333333333334,93.26082569436838,428.17857142857144,-48.06225501011215,383.0,7.1764708,47.0
2023-10-26,74.67331670822942,0.70056134,7.3517785,0.572794204963781,2023.0,401.0,False,False,False,True,False,False,False,False,False,False,False,False,False,False,False,False,False,False,True,False,False,396.42857142857144,84.9214245738281,374.3333333333333,93.28500390750352,425.46428571428567,-4.8093592572163955,354.0,8.80734,39.0
2023-10-27,51.62637362637363,0.7338714,7.5328946,0.5424975024975025,2023.0,455.0,True,False,False,False,False,False,False,False,True,False,False,False,False,False,False,False,False,False,True,False,False,400.7142857142857,83.40948901140015,374.06666666666666,93.19387775264356,425.0,52.79150946865232,442.0,7.3517785,54.0
2023-10-28,63.21172638436482,0.6781537,7.514793,0.44702962618272063,2023.0,307.0,False,False,False,False,False,False,False,True,False,False,False,False,False,False,False,False,False,False,True,False,False,403.64285714285717,84.62278938629068,379.76666666666665,92.72342386545748,423.7857142857142,-45.833973156830304,274.0,7.5328946,-148.0
2023-10-29,119.6327485380117,0.7331239,6.952998,0.7331900176929417,2023.0,855.0,True,False,True,False,False,False,False,False,False,False,False,False,False,False,False,False,False,False,True,False,False,406.2142857142857,80.74001826511173,378.56666666666666,93.44579226457434,426.57142857142856,72.90837562051848,448.0,7.514793,548.0
2023-10-30,121.53697183098592,0.7304304,7.288557,0.637566560982054,2023.0,568.0,True,False,False,False,True,False,False,False,False,False,False,False,False,False,False,False,False,False,True,False,False,429.07142857142856,142.0332920267501,393.26666666666665,127.6419921535209,424.07142857142856,37.88694704908991,548.0,6.952998,-287.0
2023-10-31,67.41379310344827,0.7075273,8.194445,0.5125136836343733,2023.0,348.0,False,False,False,False,False,True,False,False,False,False,False,False,False,False,False,False,False,False,True,False,False,437.7142857142857,146.80936281787018,401.1666666666667,130.9467075946738,421.1071428571429,-43.99951369737084,315.0,7.288557,-220.0
2023-11-01,56.416666666666664,0.686556,7.755102,0.575381364667079,2023.0,252.0,False,False,False,False,False,False,True,False,False,False,False,False,False,False,False,False,False,False,False,True,False,432.85714285714283,148.6957953690675,393.5,126.90717487393181,425.1071428571429,-43.15347122632837,362.0,8.194445,-96.0
2023-11-02,231.1687041564792,0.674399,7.868217,0.6177972530050769,2023.0,409.0,False,False,False,True,False,False,False,False,False,False,False,False,False,False,False,False,False,False,False,True,False,423.5,156.01614807941675,389.8333333333333,129.41302053911508,423.6428571428571,-15.848451921309065,401.0,7.755102,157.0
2023-11-03,92.32352941176471,0.69357055,6.2978725,0.5315253374076904,2023.0,374.0,True,False,False,False,False,False,False,False,True,False,False,False,False,False,False,False,False,False,False,True,False,427.42857142857144,154.81935591854463,396.56666666666666,124.74295870760155,415.85714285714283,22.46815039529325,455.0,7.868217,-35.0
2023-11-04,87.47727272727273,0.67632204,8.157895,0.5267831374974232,2023.0,308.0,False,False,False,False,False,False,False,True,False,False,False,False,False,False,False,False,False,False,False,True,False,422.57142857142856,155.39266109079657,400.1666666666667,122.38100014055387,414.4285714285714,-40.50337470123184,307.0,6.2978725,-66.0
2023-11-05,70.60162601626017,0.7287585,8.15951,0.6408647547875189,2023.0,492.0,True,False,True,False,False,False,False,False,False,False,False,False,False,False,False,False,False,False,False,True,False,425.0,153.14146300825172,402.23333333333335,120.19170989064399,406.07142857142856,78.11679904394191,855.0,8.157895,184.0
2023-11-06,59.02304147465438,0.73048526,8.551724,0.5818667251846976,2023.0,434.0,True,False,False,False,True,False,False,False,False,False,False,False,False,False,False,False,False,False,False,True,False,428.14285714285717,154.09829886889003,405.76666666666665,121.25142966333323,387.92857142857144,35.19932800147085,568.0,8.15951,-58.0
2023-11-07,51.028901734104046,0.67908233,8.074866,0.5435888613634279,2023.0,346.0,False,False,False,False,False,True,False,False,False,False,False,False,False,False,False,False,False,False,False,True,False,420.0,150.24134430462735,410.0,119.89363101775105,382.17857142857144,-57.16071060856775,348.0,8.551724,-88.0
2023-11-08,31.06997742663657,0.70715374,4.9310346,0.5326307251815152,2023.0,443.0,False,False,False,False,False,False,True,False,False,False,False,False,False,False,False,False,False,False,False,True,False,422.2142857142857,148.79628746993387,403.26666666666665,117.5250327944361,391.2857142857142,-48.06225501011215,252.0,8.074866,97.0
2023-11-09,51.204301075268816,0.71013445,7.2297297,0.49043352107868243,2023.0,279.0,False,False,False,True,False,False,False,False,False,False,False,False,False,False,False,False,False,False,False,True,False,428.0,147.84659409203655,406.56666666666666,117.19293945230324,401.71428571428567,-4.8093592572163955,409.0,4.9310346,-164.0
2023-11-10,73.01949860724234,0.70259726,6.589862,0.5232391563867888,2023.0,359.0,True,False,False,False,False,False,False,False,True,False,False,False,False,False,False,False,False,False,False,True,False,419.2857142857143,153.0638019667861,405.0,118.612670137896,417.6785714285714,52.79150946865232,374.0,7.2297297,80.0
2023-11-11,39.77134986225895,0.68046194,6.7272725,0.4280904280904281,2023.0,363.0,False,False,False,False,False,False,False,True,False,False,False,False,False,False,False,False,False,False,False,True,False,412.42857142857144,153.4905230277775,406.0,118.07507839476958,434.17857142857144,-45.833973156830304,308.0,6.589862,4.0
2023-11-12,74.70619469026549,0.6913908,5.757576,0.6510015451608372,2023.0,565.0,True,False,True,False,False,False,False,False,False,False,False,False,False,False,False,False,False,False,False,True,False,416.42857142857144,151.24494360815174,406.73333333333335,117.72525974322222,434.32142857142856,72.90837562051848,492.0,6.7272725,202.0
2023-11-13,48.64,0.6993854,8.39196,0.523546485260771,2023.0,350.0,True,False,False,False,True,False,False,False,False,False,False,False,False,False,False,False,False,False,False,True,False,395.7142857142857,96.51498773321627,411.76666666666665,121.22270281659645,443.6428571428571,37.88694704908991,434.0,5.757576,-215.0
2023-11-14,49.05679012345679,0.70967704,8.645418,0.528641975308642,2023.0,405.0,False,False,False,False,False,True,False,False,False,False,False,False,False,False,False,False,False,False,False,True,False,380.14285714285717,83.25572943357419,414.4,118.89508559780883,463.5357142857142,-43.99951369737084,346.0,8.39196,55.0
2023-11-15,67.28666666666666,0.7013809,7.440273,0.633252204585538,2023.0,450.0,False,False,False,False,False,False,True,False,False,False,False,False,False,False,False,False,False,False,False,True,False,384.2142857142857,82.95613166137755,410.06666666666666,116.69675802409114,466.32142857142856,-43.15347122632837,443.0,8.645418,45.0
2023-11-16,105.81908548707753,0.68825644,7.4498568,0.6153049954242797,2023.0,503.0,False,False,False,True,False,False,False,False,False,False,False,False,False,False,False,False,False,False,False,True,False,398.35714285714283,75.19677483147116,410.1666666666667,116.7307787716831,467.82142857142856,-15.848451921309065,279.0,7.440273,53.0
2023-11-17,118.47317744154057,0.7034802,7.5438595,0.6657013245046257,2023.0,727.0,True,False,False,False,False,False,False,False,True,False,False,False,False,False,False,False,False,False,False,True,False,405.07142857142856,80.24717995113548,413.06666666666666,117.95496900361435,478.0357142857142,22.46815039529325,359.0,7.4498568,224.0
2023-11-18,88.85611510791367,0.6788369,7.0454545,0.5313304334887069,2023.0,417.0,False,False,False,False,False,False,False,True,False,False,False,False,False,False,False,False,False,False,False,True,False,430.2857142857143,116.84534721089751,424.53333333333336,130.93739839652577,481.6428571428571,-40.50337470123184,363.0,7.5438595,-310.0
2023-11-19,105.91472868217055,0.65386975,7.385892,0.5087865551043845,2023.0,387.0,True,False,True,False,False,False,False,False,False,False,False,False,False,False,False,False,False,False,False,True,False,438.07142857142856,111.58333504309991,426.6333333333333,130.27066871109827,483.1428571428571,78.11679904394191,565.0,7.0454545,-30.0
2023-11-20,162.29,0.7079467,5.9512196,0.7185492424242425,2023.0,800.0,True,False,False,False,True,False,False,False,False,False,False,False,False,False,False,False,False,False,False,True,False,430.57142857142856,111.20785409847113,424.8,130.43386486433732,488.24999999999994,35.19932800147085,350.0,7.385892,413.0
2023-11-21,73.27932960893855,0.7029298,7.2144847,0.6674549431532671,2023.0,537.0,False,False,False,False,False,True,False,False,False,False,False,False,False,False,False,False,False,False,False,True,False,456.7142857142857,148.75660480303893,442.3333333333333,144.1010979721582,486.17857142857133,-57.16071060856775,405.0,5.9512196,-263.0
2023-11-22,51.61818181818182,0.70236665,7.643979,0.5789009139009139,2023.0,330.0,False,False,False,False,False,False,True,False,False,False,False,False,False,False,False,False,False,False,False,True,False,470.35714285714283,146.56403543678962,445.3,145.13421849898205,477.1785714285714,-48.06225501011215,450.0,7.2144847,-207.0
2023-11-23,74.66359447004608,0.68958706,7.275862,0.5969863214102846,2023.0,434.0,False,False,False,True,False,False,False,False,False,False,False,False,False,False,False,False,False,False,False,True,False,462.2857142857143,151.2239442637354,438.03333333333336,145.2722731058245,468.5357142857143,-4.8093592572163955,503.0,7.643979,104.0
2023-11-24,86.0734693877551,0.70906323,7.412791,0.5551284958427816,2023.0,490.0,True,False,False,False,False,False,False,False,True,False,False,False,False,False,False,False,False,False,False,True,False,473.35714285714283,142.17627582192975,442.0,143.4097096698342,452.2857142857142,52.79150946865232,727.0,7.275862,56.0
2023-11-25,75.93693693693693,0.70067596,7.0873785,0.5270508603841937,2023.0,333.0,False,False,False,False,False,False,False,True,False,False,False,False,False,False,False,False,False,False,False,True,False,482.7142857142857,138.32983357592425,446.26666666666665,142.85052070037318,435.57142857142856,-45.833973156830304,417.0,7.412791,-157.0
2023-11-26,142.23076923076923,0.6954242,8.28629,0.5180283435385477,2023.0,637.0,True,False,True,False,False,False,False,False,False,False,False,False,False,False,False,False,False,False,False,True,False,480.57142857142856,140.54165234533173,444.0,144.1273383337538,435.60714285714283,72.90837562051848,387.0,7.0873785,304.0
2023-11-27,108.07125890736341,0.6978829,8.0,0.6548882102326282,2023.0,421.0,True,False,False,False,True,False,False,False,False,False,False,False,False,False,False,False,False,False,False,True,False,485.7142857142857,145.11185530290277,450.06666666666666,148.37416201624498,424.8928571428571,37.88694704908991,800.0,8.28629,-216.0
2023-11-28,41.34782608695652,0.6999047,8.988764,0.39652058891189323,2023.0,276.0,False,False,False,False,False,True,False,False,False,False,False,False,False,False,False,False,False,False,False,True,False,490.7857142857143,141.19172920396025,453.8666666666667,146.0249703099539,399.64285714285717,-43.99951369737084,537.0,8.0,-145.0
2023-11-29,59.1131498470948,0.6971318,6.9791665,0.5146069696528411,2023.0,327.0,False,False,False,False,False,False,True,False,False,False,False,False,False,False,False,False,False,False,False,True,False,481.57142857142856,151.08363159609243,434.56666666666666,128.37571027459083,387.96428571428567,-43.15347122632837,330.0,8.988764,51.0
2023-11-30,84.70572916666667,0.6920542,6.521739,0.5380642361111111,2023.0,384.0,False,False,False,True,False,False,False,False,False,False,False,False,False,False,False,False,False,False,False,True,False,472.7857142857143,156.53860598853947,426.53333333333336,127.27372980647073,381.6785714285714,-15.848451921309065,434.0,6.9791665,57.0
2023-12-01,68.50383631713555,0.7227736,7.3809524,0.46683311005561645,2023.0,391.0,True,False,False,False,False,False,False,False,True,False,False,False,False,False,False,False,False,False,False,False,True,464.2857142857143,157.99582690274244,427.73333333333335,126.67605530843501,372.10714285714283,22.46815039529325,490.0,6.521739,7.0
2023-12-02,70.30526315789474,0.69560874,7.6502733,0.4253968253968254,2023.0,285.0,False,False,False,False,False,False,False,True,False,False,False,False,False,False,False,False,False,False,False,False,True,440.2857142857143,139.45025502441237,432.3666666666667,122.49996012197307,368.07142857142856,-40.50337470123184,333.0,7.3809524,-106.0
2023-12-03,133.0519230769231,0.7112323,6.2216625,0.5483817571317572,2023.0,520.0,True,False,True,False,False,False,False,False,False,False,False,False,False,False,False,False,False,False,False,False,True,430.85714285714283,145.47791645409345,428.23333333333335,125.37383638771948,361.92857142857144,78.11679904394191,637.0,7.6502733,235.0
2023-12-04,73.86376021798365,0.7157643,7.3094172,0.5742355434453527,2023.0,367.0,True,False,False,False,True,False,False,False,False,False,False,False,False,False,False,False,False,False,False,False,True,440.35714285714283,146.73084052250087,433.1,126.02800728683125,348.9285714285714,35.19932800147085,421.0,6.2216625,-153.0
2023-12-05,60.23574144486692,0.6842692,6.9444447,0.4093638722916289,2023.0,263.0,False,False,False,False,False,True,False,False,False,False,False,False,False,False,False,False,False,False,False,False,True,409.42857142857144,104.7103802698842,435.06666666666666,124.45908712430774,342.57142857142856,-57.16071060856775,276.0,7.3094172,-104.0
2023-12-06,59.86281588447653,0.6911155,7.470588,0.5020514583691479,2023.0,277.0,False,False,False,False,False,False,True,False,False,False,False,False,False,False,False,False,False,False,False,False,True,389.85714285714283,104.63846707214705,427.43333333333334,127.82387757442214,339.8928571428571,-48.06225501011215,327.0,6.9444447,14.0
2023-12-07,114.51768488745981,0.67416525,8.958333,0.4002273539251031,2023.0,311.0,False,False,False,True,False,False,False,False,False,False,False,False,False,False,False,False,False,False,False,False,True,386.07142857142856,107.87918048640152,422.2,130.72672206579995,338.46428571428567,-4.8093592572163955,384.0,7.470588,34.0
2023-12-08,73.91884057971015,0.68958086,7.2477064,0.40803772716816195,2023.0,345.0,True,False,False,False,False,False,False,False,True,False,False,False,False,False,False,False,False,False,False,False,True,377.2857142857143,108.68120534666704,421.03333333333336,131.58358647599252,341.8928571428571,52.79150946865232,391.0,8.958333,34.0
2023-12-09,62.35616438356164,0.6716304,6.6972475,0.2508924865089249,2023.0,365.0,False,False,False,False,False,False,False,True,False,False,False,False,False,False,False,False,False,False,False,False,True,366.92857142857144,103.9182106538335,417.76666666666665,132.23429659283647,351.32142857142856,-45.833973156830304,285.0,7.2477064,20.0
2023-12-10,91.8891454965358,0.67930204,6.0,0.37646541295502034,2023.0,433.0,True,False,True,False,False,False,False,False,False,False,False,False,False,False,False,False,False,False,False,False,True,369.2142857142857,103.46547441346995,420.6333333333333,130.03619743624506,355.2857142857142,72.90837562051848,520.0,6.6972475,68.0
2023-12-11,45.52107279693487,0.6797575,8.346457,0.24606823572340814,2023.0,261.0,True,False,False,False,True,False,False,False,False,False,False,False,False,False,False,False,False,False,False,False,True,354.64285714285717,72.61765746582702,423.1,129.52761654672645,362.6428571428571,37.88694704908991,367.0,6.0,-172.0
2023-12-12,58.224806201550386,0.6656337,7.822581,0.3591362126245847,2023.0,258.0,False,False,False,False,False,True,False,False,False,False,False,False,False,False,False,False,False,False,False,False,True,343.2142857142857,73.94923265990673,419.7,132.46499863008685,374.6071428571429,-43.99951369737084,263.0,8.346457,-3.0
2023-12-13,60.84074074074074,0.6847163,8.031496,0.30708406819517925,2023.0,270.0,False,False,False,False,False,False,True,False,False,False,False,False,False,False,False,False,False,False,False,False,True,341.92857142857144,75.35093719565631,409.46666666666664,132.71118065658342,379.75,-43.15347122632837,277.0,7.822581,12.0
2023-12-14,58.047381546134666,0.70550776,7.768924,0.4886573249416142,2023.0,401.0,False,False,False,True,False,False,False,False,False,False,False,False,False,False,False,False,False,False,False,False,True,337.85714285714283,77.72224425958926,406.8,134.73560315900414,389.3928571428571,-15.848451921309065,311.0,8.031496,131.0
2023-12-15,114.67021276595744,0.7114677,7.1008406,0.4611600810536981,2023.0,470.0,True,False,False,False,False,False,False,False,True,False,False,False,False,False,False,False,False,False,False,False,True,339.07142857142856,78.62614977583115,406.6666666666667,134.7394249790243,412.5,22.46815039529325,345.0,7.768924,69.0
2023-12-16,93.88936170212766,0.6866888,8.325792,0.3253343465045592,2023.0,470.0,False,False,False,False,False,False,False,True,False,False,False,False,False,False,False,False,False,False,False,False,True,344.7142857142857,85.19970076818942,407.3333333333333,135.0104295673263,434.5357142857142,-40.50337470123184,365.0,7.1008406,0.0
2023-12-17,92.03363228699551,0.6871085,7.032967,0.4583884974019503,2023.0,446.0,True,False,True,False,False,False,False,False,False,False,False,False,False,False,False,False,False,False,False,False,True,357.92857142857144,89.46547618255569,406.23333333333335,134.3368599976304,429.0357142857143,78.11679904394191,433.0,8.325792,-24.0
2023-12-18,87.86244204018547,0.7084953,7.7308707,0.5779453845141636,2023.0,647.0,True,False,False,False,True,False,False,False,False,False,False,False,False,False,False,False,False,False,False,False,True,352.64285714285717,80.93264734699721,396.8666666666667,120.25883961583486,426.82142857142856,35.19932800147085,261.0,7.032967,201.0
2023-12-19,79.57232704402516,0.68954057,7.7710843,0.4360137765798143,2023.0,318.0,False,False,False,False,False,True,False,False,False,False,False,False,False,False,False,False,False,False,False,False,True,372.64285714285717,112.99803071317199,404.53333333333336,128.62689516939878,449.46428571428567,-57.16071060856775,258.0,7.7308707,-329.0
2023-12-20,102.94535519125684,0.678309,7.7966104,0.40125119264463527,2023.0,366.0,False,False,False,False,False,False,True,False,False,False,False,False,False,False,False,False,False,False,False,False,True,376.57142857142856,109.80382106684239,402.23333333333335,129.56470446722025,475.71428571428567,-48.06225501011215,270.0,7.7710843,48.0
2023-12-21,102.84552845528455,0.6925614,7.4576273,0.5275974025974026,2023.0,492.0,False,False,False,True,False,False,False,False,False,False,False,False,False,False,False,False,False,False,False,False,True,382.92857142857144,106.10985909802264,387.76666666666665,105.64079780520171,490.0357142857142,-4.8093592572163955,401.0,7.7966104,126.0
2023-12-22,152.71763255240444,0.6811793,8.468271,0.6144074471448084,2023.0,811.0,True,False,False,False,False,False,False,False,True,False,False,False,False,False,False,False,False,False,False,False,True,395.85714285714283,107.68676594846546,386.26666666666665,103.75133844864379,491.9642857142857,52.79150946865232,470.0,7.4576273,319.0
2023-12-23,138.21124031007753,0.6853087,8.37037,0.5547162283596392,2023.0,516.0,False,False,False,False,False,False,False,True,False,False,False,False,False,False,False,False,False,False,False,False,True,429.14285714285717,153.17152634715276,402.3,128.87929396839922,497.32142857142856,-45.833973156830304,470.0,8.468271,-295.0
2023-12-24,51.8125,0.6381789,7.5510206,0.11362847222222222,2023.0,128.0,True,False,True,False,False,False,False,False,False,False,False,False,False,False,False,False,False,False,False,False,True,439.92857142857144,153.62314743739455,405.03333333333336,130.43494436938147,492.6071428571428,72.90837562051848,446.0,8.37037,-388.0
2023-12-25,144.22420634920636,0.69053966,6.925466,0.6409881124166839,2023.0,504.0,True,False,False,False,True,False,False,False,False,False,False,False,False,False,False,False,False,False,False,False,True,418.14285714285717,174.84228371828195,392.96666666666664,138.781019106965,489.0357142857143,37.88694704908991,647.0,7.5510206,376.0
2023-12-26,118.77812018489985,0.6871906,8.2779455,0.6306182004949339,2023.0,649.0,False,False,False,False,False,True,False,False,False,False,False,False,False,False,False,False,False,False,False,False,True,435.5,170.03789170471575,398.6666666666667,139.74146900945155,514.7857142857142,-43.99951369737084,318.0,6.925466,145.0
2023-12-27,156.32410423452768,0.67577374,9.387096,0.6270813650699644,2023.0,614.0,False,False,False,False,False,False,True,False,False,False,False,False,False,False,False,False,False,False,False,False,True,463.42857142857144,170.75025139556425,399.06666666666666,140.46252005510172,545.0357142857142,-43.15347122632837,366.0,8.2779455,-35.0
2023-12-28,134.77292576419214,0.6804487,6.9333334,0.4033604394958107,2023.0,458.0,False,False,False,True,False,False,False,False,False,False,False,False,False,False,False,False,False,False,False,False,True,488.0,165.44299506290577,405.5,145.81938521146026,556.5357142857142,-15.848451921309065,492.0,9.387096,-156.0
2023-12-29,172.95717344753749,0.67448926,6.8728523,0.4231246388633969,2023.0,467.0,True,False,False,False,False,False,False,False,True,False,False,False,False,False,False,False,False,False,False,False,True,492.07142857142856,163.8308059158381,411.56666666666666,144.02075600731825,542.6785714285714,22.46815039529325,811.0,6.9333334,9.0
2023-12-30,134.40288924558587,0.6681225,7.4928775,0.4682763197209425,2023.0,623.0,False,False,False,False,False,False,False,True,False,False,False,False,False,False,False,False,False,False,False,False,True,491.85714285714283,163.86385396835593,416.23333333333335,143.4531482649523,526.0714285714286,-40.50337470123184,516.0,6.8728523,156.0
2023-12-31,68.0807453416149,0.6863857,6.5079365,0.21857438627624962,2023.0,161.0,True,False,True,False,False,False,False,False,False,False,False,False,False,False,False,False,False,False,False,False,True,502.7857142857143,167.35874805175436,424.2,148.1605373491408,539.1428571428571,78.11679904394191,128.0,7.4928775,-462.0
2024-01-01,142.36298076923077,0.7010666,6.8307085,0.7959478021978021,2024.0,832.0,True,True,False,False,True,False,False,False,False,True,False,False,False,False,False,False,False,False,False,False,False,482.42857142857144,190.5270884377638,416.53333333333336,155.69681708556107,552.6785714285713,35.19932800147085,504.0,6.5079365,671.0
2024-01-02,167.93559718969556,0.7107589,6.067961,0.6668240619645772,2024.0,854.0,False,True,False,False,False,True,False,False,False,True,False,False,False,False,False,False,False,False,False,False,False,495.64285714285717,208.3966658314628,434.76666666666665,171.03552430624632,536.5357142857142,-57.16071060856775,649.0,6.8307085,22.0
2024-01-03,107.21861152141803,0.70160234,6.3223143,0.6530173010970648,2024.0,677.0,False,True,False,False,False,False,True,False,False,True,False,False,False,False,False,False,False,False,False,False,False,533.9285714285714,222.03965837235012,445.9,186.90904112742203,509.82142857142856,-48.06225501011215,614.0,6.067961,-177.0
2024-01-04,37.0934393638171,0.70742685,4.9512196,0.5653016963156128,2024.0,503.0,False,True,False,True,False,False,False,False,False,True,False,False,False,False,False,False,False,False,False,False,False,556.1428571428571,219.4892172374683,456.23333333333335,190.92274721022312,488.57142857142856,-4.8093592572163955,458.0,6.3223143,-174.0
2024-01-05,101.6626213592233,0.6555704,4.756098,0.33578748651564183,2024.0,412.0,True,True,False,False,False,False,False,False,True,True,False,False,False,False,False,False,False,False,False,False,False,556.9285714285714,219.26151027964292,464.23333333333335,187.54506278415477,475.0,52.79150946865232,467.0,4.9512196,-91.0
2024-01-06,191.34666666666666,0.66756177,4.5,0.45051851851851854,2024.0,450.0,False,True,False,False,False,False,False,True,False,True,False,False,False,False,False,False,False,False,False,False,False,528.4285714285714,209.40638234550786,468.73333333333335,184.49239463501152,456.92857142857144,-45.833973156830304,623.0,4.756098,38.0
2024-01-07,102.90714285714286,0.6955932,4.6491227,0.5968324829931972,2024.0,560.0,True,True,True,False,False,False,False,False,False,True,False,False,False,False,False,False,False,False,False,False,False,523.7142857142857,210.44803070205643,473.3666666666667,182.12471727823785,450.0,72.90837562051848,161.0,4.5,110.0
2024-01-08,136.97560975609755,0.69081223,4.093264,0.4276915496427692,2024.0,451.0,True,True,False,False,True,False,False,False,False,True,False,False,False,False,False,False,False,False,False,False,False,554.5714285714286,176.97140763659874,480.53333333333336,181.12669091251968,439.82142857142856,37.88694704908991,832.0,4.6491227,-109.0
2024-01-09,23.468,0.68763,4.925373,0.22874074074074074,2024.0,250.0,False,True,False,False,False,True,False,False,False,True,False,False,False,False,False,False,False,False,False,False,False,550.7857142857143,178.69491774075084,483.4,179.9115874821428,402.21428571428567,-43.99951369737084,854.0,4.093264,-201.0
2024-01-10,37.886792452830186,0.68264264,4.099379,0.2792902066486972,2024.0,265.0,False,True,False,False,False,False,True,False,False,True,False,False,False,False,False,False,False,False,False,False,False,522.2857142857143,193.0661220217766,477.3,184.71751965897934,365.57142857142856,-43.15347122632837,677.0,4.925373,15.0
2024-01-11,22.7311320754717,0.6933986,4.2021275,0.17256289308176098,2024.0,212.0,False,True,False,True,False,False,False,False,False,True,False,False,False,False,False,False,False,False,False,False,False,497.35714285714283,202.60860606782552,477.43333333333334,184.5573797949611,341.8571428571429,-15.848451921309065,503.0,4.099379,-53.0
2024-01-12,33.945945945945944,0.6978,4.3055553,0.3002320502320502,2024.0,333.0,True,True,False,False,False,False,False,False,True,True,False,False,False,False,False,False,False,False,False,False,False,479.7857142857143,216.47710078628458,475.9,186.6228632923849,331.21428571428567,22.46815039529325,412.0,4.2021275,121.0
2024-01-13,66.20717131474103,0.70677006,4.0384617,0.17937341542919233,2024.0,251.0,False,True,False,False,False,False,False,True,False,True,False,False,False,False,False,False,False,False,False,False,False,470.2142857142857,220.01929236089518,478.0,184.5692095216539,320.5357142857143,-40.50337470123184,450.0,4.3055553,-82.0
2024-01-14,48.365781710914455,0.7017575,4.2045455,0.3503769255981646,2024.0,339.0,True,True,True,False,False,False,False,False,False,True,False,False,False,False,False,False,False,False,False,False,False,443.64285714285717,222.59608371109437,473.0,188.712333533307,303.5357142857143,78.11679904394191,560.0,4.0384617,88.0
2024-01-15,33.929539295392956,0.70515364,4.855769,0.2630984643179765,2024.0,369.0,True,True,False,False,True,False,False,False,False,True,False,False,False,False,False,False,False,False,False,False,False,456.35714285714283,209.933545215131,468.6333333333333,190.29314651136366,290.57142857142856,35.19932800147085,451.0,4.2045455,30.0
2024-01-16,28.363636363636363,0.6951723,5.035714,0.24176887926887927,2024.0,264.0,False,True,False,False,False,True,False,False,False,True,False,False,False,False,False,False,False,False,False,False,False,423.2857142857143,180.62899868192596,465.26666666666665,191.15960714099296,287.57142857142856,-57.16071060856775,250.0,4.855769,-105.0
2024-01-17,25.75103734439834,0.6832772,4.6180553,0.3321807284462886,2024.0,241.0,False,True,False,False,False,False,True,False,False,True,False,False,False,False,False,False,False,False,False,False,False,381.14285714285717,135.63007219461514,459.2,194.6482946770651,288.8928571428571,-48.06225501011215,265.0,5.035714,-23.0
2024-01-18,33.21818181818182,0.6795563,4.928571,0.28489466089466087,2024.0,275.0,False,True,False,True,False,False,False,False,False,True,False,False,False,False,False,False,False,False,False,False,False,350.0,110.12999312001892,445.6666666666667,195.2539166163458,292.82142857142856,-4.8093592572163955,212.0,4.6180553,34.0
2024-01-19,52.58771929824562,0.68314415,3.3421052,0.30795739348370926,2024.0,342.0,True,True,False,False,False,False,False,False,True,True,False,False,False,False,False,False,False,False,False,False,False,333.7142857142857,102.34739376744791,444.23333333333335,196.3780104505229,296.25,52.79150946865232,333.0,4.928571,67.0
2024-01-20,35.35746606334842,0.6470344,4.35,0.20961718020541548,2024.0,221.0,False,True,False,False,False,False,False,True,False,True,False,False,False,False,False,False,False,False,False,False,False,328.7142857142857,99.90951950596155,443.43333333333334,196.7562264419556,295.96428571428567,-45.833973156830304,251.0,3.3421052,-121.0
2024-01-21,45.94888178913738,0.6799872,4.318182,0.37998630762209035,2024.0,313.0,True,True,True,False,False,False,False,False,False,True,False,False,False,False,False,False,False,False,False,False,False,312.35714285714283,97.23532686842172,434.4,200.6323795506046,295.32142857142856,72.90837562051848,339.0,4.35,92.0
2024-01-22,33.668656716417914,0.67910266,4.390863,0.2987206823027718,2024.0,335.0,True,True,False,False,True,False,False,False,False,True,False,False,False,False,False,False,False,False,False,False,False,294.7142857142857,66.34806654353959,417.8,188.6422265962008,289.5357142857143,37.88694704908991,369.0,4.318182,22.0
2024-01-23,38.41843971631206,0.6750926,4.2727275,0.21355397951142632,2024.0,282.0,False,True,False,False,False,True,False,False,False,True,False,False,False,False,False,False,False,False,False,False,False,286.42857142857144,50.735686554041145,411.76666666666665,188.28732323752965,281.82142857142856,-43.99951369737084,264.0,4.390863,-53.0
2024-01-24,49.77407407407407,0.7033474,4.5637584,0.24089065255731926,2024.0,270.0,False,True,False,False,False,False,True,False,False,True,False,False,False,False,False,False,False,False,False,False,False,288.7142857142857,49.67808458376903,416.9,182.28782659337918,278.60714285714283,-43.15347122632837,241.0,4.2727275,-12.0
2024-01-25,54.996845425867505,0.6745044,4.25,0.27958039156777326,2024.0,317.0,False,True,False,True,False,False,False,False,False,True,False,False,False,False,False,False,False,False,False,False,False,289.07142857142856,49.51218076348552,409.1,183.43510550337533,279.07142857142856,-15.848451921309065,275.0,4.5637584,47.0
2024-01-26,41.46913580246913,0.69031173,4.6285715,0.3016338428375466,2024.0,324.0,True,True,False,False,False,False,False,False,True,True,False,False,False,False,False,False,False,False,False,False,False,296.57142857142856,44.65373493848041,398.03333333333336,178.40876801813044,283.0,22.46815039529325,342.0,4.25,7.0
2024-01-27,36.90079365079365,0.68624365,4.428571,0.24178319475938523,2024.0,252.0,False,True,False,False,False,False,False,True,False,True,False,False,False,False,False,False,False,False,False,False,False,295.92857142857144,44.15090257064083,388.3666666666667,174.10826662093643,288.6428571428571,-40.50337470123184,221.0,4.6285715,-72.0
2024-01-28,58.6625,0.6847509,3.675,0.31050347222222224,2024.0,320.0,True,True,True,False,False,False,False,False,False,True,False,False,False,False,False,False,False,False,False,False,False,296.0,44.07336540884483,381.5,175.32526422584405,298.46428571428567,78.11679904394191,313.0,4.428571,68.0
2024-01-29,69.1858407079646,0.6655668,3.508772,0.1839794915016154,2024.0,226.0,True,True,False,False,True,False,False,False,False,True,False,False,False,False,False,False,False,False,False,False,False,294.64285714285717,42.92499207984745,376.6,174.90699006161464,313.25,35.19932800147085,335.0,3.675,-94.0
2024-01-30,37.717277486910994,0.664556,4.7340426,0.26798841065856777,2024.0,191.0,False,True,False,False,False,True,False,False,False,True,False,False,False,False,False,False,False,False,False,False,False,284.42857142857144,40.833082902723376,363.3666666666667,170.5867123687586,322.67857142857144,-57.16071060856775,282.0,3.508772,-35.0
2024-01-31,52.669642857142854,0.6689268,4.224138,0.22827735260770976,2024.0,224.0,False,True,False,False,False,False,True,False,False,True,False,False,False,False,False,False,False,False,False,False,False,279.2142857142857,47.72223892392422,364.3666666666667,169.44360944458535,324.49999999999994,-48.06225501011215,270.0,4.7340426,33.0
2024-02-01,71.41311475409836,0.675098,4.5454545,0.31602654176424666,2024.0,305.0,False,False,False,True,False,False,False,False,False,False,True,False,False,False,False,False,False,False,False,False,False,278.0,48.969378186781384,344.1,146.37254076381663,323.35714285714283,-4.8093592572163955,317.0,4.224138,81.0
2024-02-02,85.88151658767772,0.72609025,3.6051502,0.4230064695704506,2024.0,422.0,True,False,False,False,False,False,False,False,True,False,True,False,False,False,False,False,False,False,False,False,False,280.14285714285717,49.48170935244235,325.8,110.29846655388243,321.42857142857144,52.79150946865232,324.0,4.5454545,117.0
2024-02-03,78.78595317725753,0.7097234,3.9705882,0.302439348091522,2024.0,299.0,False,False,False,False,False,False,False,True,False,False,True,False,False,False,False,False,False,False,False,False,False,285.85714285714283,60.554942811475925,317.3,90.31597788912525,318.67857142857144,-45.833973156830304,252.0,3.6051502,-123.0
2024-02-04,108.19019607843137,0.687928,3.6088154,0.39156947627535865,2024.0,510.0,True,False,True,False,False,False,False,False,False,False,True,False,False,False,False,False,False,False,False,False,False,291.42857142857144,57.647088505724504,310.5,83.25604461849746,316.6428571428571,72.90837562051848,320.0,3.9705882,211.0
2024-02-05,106.09963768115942,0.70340395,3.9148352,0.4749396135265701,2024.0,552.0,True,False,False,False,True,False,False,False,False,False,True,False,False,False,False,False,False,False,False,False,False,305.5,82.15253168063954,313.76666666666665,89.09378372732057,317.35714285714283,37.88694704908991,226.0,3.6088154,42.0
2024-02-06,43.27051671732523,0.70133376,4.725,0.25634679403676364,2024.0,329.0,False,False,False,False,False,True,False,False,False,False,True,False,False,False,False,False,False,False,False,False,False,321.0,105.34412473120958,317.1666666666667,96.13965536308797,321.0357142857142,-43.99951369737084,191.0,3.9148352,-223.0
2024-02-07,25.543795620437955,0.67868865,4.5895524,0.3299356969064998,2024.0,274.0,False,False,False,False,False,False,True,False,False,False,True,False,False,False,False,False,False,False,False,False,False,324.35714285714283,104.75290129476298,309.46666666666664,84.57509755499416,323.8928571428571,-43.15347122632837,224.0,4.725,-55.0
2024-02-08,41.879003558718864,0.6947665,4.304124,0.2040332147093713,2024.0,281.0,False,False,False,True,False,False,False,False,False,False,True,False,False,False,False,False,False,False,False,False,False,324.64285714285717,104.59857856282113,303.56666666666666,80.43360223075983,327.85714285714283,-15.848451921309065,305.0,4.5895524,7.0
2024-02-09,41.29738562091503,0.7081114,4.6583853,0.330519244734931,2024.0,306.0,True,False,False,False,False,False,False,False,True,False,True,False,False,False,False,False,False,False,False,False,False,322.07142857142856,105.24145445718507,304.6,79.91918331707954,330.2857142857143,22.46815039529325,422.0,4.304124,25.0
2024-02-10,61.93782383419689,0.6645741,3.622449,0.1420552677029361,2024.0,193.0,False,False,False,False,False,False,False,True,False,False,True,False,False,False,False,False,False,False,False,False,False,320.7857142857143,105.32599837678235,305.96666666666664,79.56844086451106,324.07142857142856,-40.50337470123184,299.0,4.6583853,-113.0
2024-02-11,44.38819875776397,0.6802373,4.723757,0.2661318150448585,2024.0,322.0,True,False,True,False,False,False,False,False,False,False,True,False,False,False,False,False,False,False,False,False,False,316.57142857142856,109.3918252364931,305.3333333333333,80.41330020944739,313.25,78.11679904394191,510.0,3.622449,129.0
2024-02-12,33.49180327868852,0.7094951,3.8671875,0.24391100702576116,2024.0,244.0,True,False,False,False,True,False,False,False,False,False,True,False,False,False,False,False,False,False,False,False,False,316.7142857142857,109.39795285064575,304.96666666666664,80.30780583580228,296.1785714285714,35.19932800147085,552.0,4.723757,-78.0
2024-02-13,20.358695652173914,0.698571,2.087912,0.09269323671497584,2024.0,276.0,False,False,False,False,False,True,False,False,False,False,True,False,False,False,False,False,False,False,False,False,False,318.0,108.35057062076866,304.73333333333335,80.4799968008043,283.42857142857144,-57.16071060856775,329.0,3.8671875,32.0
2024-02-14,24.50228310502283,0.6760146,4.612069,0.16892077987968399,2024.0,219.0,False,False,False,False,False,False,True,False,False,False,True,False,False,False,False,False,False,False,False,False,False,324.07142857142856,102.93273702592572,302.6333333333333,80.37690667372551,282.17857142857144,-48.06225501011215,274.0,2.087912,-57.0
2024-02-15,27.465558194774346,0.68593633,4.2971244,0.16915884326810693,2024.0,421.0,False,False,False,True,False,False,False,False,False,False,True,False,False,False,False,False,False,False,False,False,False,323.7142857142857,103.31462668911946,297.6333333333333,80.77063452950492,286.2857142857143,-4.8093592572163955,281.0,4.612069,202.0
2024-02-16,26.387700534759357,0.73563796,4.694323,0.3424282936315022,2024.0,374.0,True,False,False,False,False,False,False,False,True,False,True,False,False,False,False,False,False,False,False,False,False,332.0,106.30652342672558,302.8666666666667,83.55453859330581,295.42857142857144,52.79150946865232,306.0,4.2971244,-47.0
2024-02-17,31.84971098265896,0.67152774,4.4148936,0.15285806037251123,2024.0,173.0,False,False,False,False,False,False,False,True,False,False,True,False,False,False,False,False,False,False,False,False,False,328.57142857142856,103.92801820025723,307.3,83.68708135791864,303.1785714285714,-45.833973156830304,193.0,4.694323,-201.0
2024-02-18,38.087087087087085,0.7356673,4.590909,0.3384672551339218,2024.0,333.0,True,False,True,False,False,False,False,False,False,False,True,False,False,False,False,False,False,False,False,False,False,319.57142857142856,111.84034932109147,303.9,87.04907454597289,306.17857142857144,72.90837562051848,322.0,4.4148936,160.0
2024-02-19,38.0796812749004,0.72634697,4.632353,0.1943337760070828,2024.0,251.0,True,False,False,False,True,False,False,False,False,False,True,False,False,False,False,False,False,False,False,False,False,306.92857142857144,97.77797792464818,303.6,86.92866675296635,310.92857142857144,37.88694704908991,244.0,4.590909,-82.0
2024-02-20,28.293040293040292,0.67930734,4.556962,0.2550729693586836,2024.0,273.0,False,False,False,False,False,True,False,False,False,False,True,False,False,False,False,False,False,False,False,False,False,285.42857142857144,68.43493741752582,304.6,86.11443869482132,313.17857142857144,-43.99951369737084,276.0,4.632353,22.0
2024-02-21,60.71186440677966,0.68235797,4.241573,0.24331450094161958,2024.0,295.0,False,False,False,False,False,False,True,False,False,False,True,False,False,False,False,False,False,False,False,False,False,281.42857142857144,67.31980424775504,303.26666666666665,86.28938214672978,313.6071428571429,-43.15347122632837,219.0,4.556962,22.0
2024-02-22,52.98133333333333,0.7137656,3.9920948,0.3463703703703704,2024.0,375.0,False,False,False,True,False,False,False,False,False,False,True,False,False,False,False,False,False,False,False,False,False,282.92857142857144,67.37548548215484,301.93333333333334,86.09094362772802,313.6785714285714,-15.848451921309065,421.0,4.241573,80.0
2024-02-23,60.833333333333336,0.74597394,3.6305733,0.3082210998877665,2024.0,468.0,True,False,False,False,False,False,False,False,True,False,True,False,False,False,False,False,False,False,False,False,False,289.64285714285717,71.71268222015411,305.03333333333336,87.01782747719328,312.0357142857142,22.46815039529325,374.0,3.9920948,93.0
2024-02-24,45.84274193548387,0.70973384,4.050633,0.241913082437276,2024.0,248.0,False,False,False,False,False,False,False,True,False,False,True,False,False,False,False,False,False,False,False,False,False,301.2142857142857,86.16815275640164,311.6333333333333,91.65432936830655,314.75,-40.50337470123184,173.0,3.6305733,-220.0
2024-02-25,42.30769230769231,0.7356954,4.1286306,0.27046006120080196,2024.0,351.0,True,False,True,False,False,False,False,False,False,False,True,False,False,False,False,False,False,False,False,False,False,305.14285714285717,82.00830834350052,309.3333333333333,92.37790948554496,316.07142857142856,78.11679904394191,333.0,4.050633,103.0
2024-02-26,43.28735632183908,0.7357618,3.9041095,0.27817688378033206,2024.0,348.0,True,False,False,False,True,False,False,False,False,False,True,False,False,False,False,False,False,False,False,False,False,307.2142857142857,82.82899768283374,310.23333333333335,92.65683194318228,315.5,35.19932800147085,251.0,4.1286306,-3.0
2024-02-27,31.85531914893617,0.6850289,4.6460176,0.2951536643026005,2024.0,235.0,False,False,False,False,False,True,False,False,False,False,True,False,False,False,False,False,False,False,False,False,False,314.64285714285717,81.37435538476319,313.43333333333334,92.2330942675183,316.85714285714283,-57.16071060856775,273.0,3.9041095,-113.0
2024-02-28,64.6875,0.6937169,4.398734,0.3101511437908497,2024.0,272.0,False,False,False,False,False,False,True,False,False,False,True,False,False,False,False,False,False,False,False,False,False,311.7142857142857,83.57992818616452,310.6,93.32353807384655,315.21428571428567,-48.06225501011215,295.0,4.6460176,37.0
2024-02-29,43.78108108108108,0.7073492,4.637681,0.32235521235521236,2024.0,370.0,False,False,False,True,False,False,False,False,False,False,True,False,False,False,False,False,False,False,False,False,False,315.5,80.18895953165406,312.1333333333333,92.257411003439,309.2857142857143,-4.8093592572163955,375.0,4.398734,98.0
2024-03-01,23.04749340369393,0.7547734,4.033019,0.3924802110817942,2024.0,379.0,True,True,False,False,False,False,False,False,True,False,False,True,False,False,False,False,False,False,False,False,False,311.85714285714283,76.08078413295789,318.1,89.9115849234584,297.8928571428571,52.79150946865232,468.0,4.637681,9.0
2024-03-02,46.9344262295082,0.68372786,4.0,0.1922814207650273,2024.0,244.0,False,True,False,False,False,False,False,True,False,False,False,True,False,False,False,False,False,False,False,False,False,312.2142857142857,76.40597899623857,323.26666666666665,88.76389967243139,290.85714285714283,-45.833973156830304,248.0,4.033019,-135.0
2024-03-03,60.802675585284284,0.7191709,4.4329896,0.3656633221850613,2024.0,299.0,True,True,True,False,False,False,False,False,False,False,False,True,False,False,False,False,False,False,False,False,False,317.2857142857143,68.39076475151252,321.23333333333335,89.88831512161241,290.46428571428567,72.90837562051848,351.0,4.0,55.0
2024-03-04,31.438661710037174,0.7326375,4.3835616,0.24834779016935152,2024.0,269.0,True,True,False,False,True,False,False,False,False,False,False,True,False,False,False,False,False,False,False,False,False,314.85714285714283,68.39349625271655,317.1333333333333,87.91717628005046,289.3571428571429,37.88694704908991,348.0,4.4329896,-30.0
2024-03-05,25.505119453924916,0.7032345,4.642857,0.27085703450891163,2024.0,293.0,False,True,False,False,False,True,False,False,False,False,False,True,False,False,False,False,False,False,False,False,False,316.14285714285717,67.26052350359791,316.1333333333333,88.30032347866442,290.07142857142856,-43.99951369737084,235.0,4.3835616,24.0
2024-03-06,54.73362445414847,0.68174326,3.9855072,0.22331392527899077,2024.0,229.0,False,True,False,False,False,False,True,False,False,False,False,True,False,False,False,False,False,False,False,False,False,317.57142857142856,66.4815929246752,308.9,80.406874813298,291.3571428571429,-43.15347122632837,272.0,4.642857,-64.0
2024-03-07,48.42545454545454,0.6928546,3.7583892,0.41363636363636364,2024.0,275.0,False,True,False,True,False,False,False,False,False,False,False,True,False,False,False,False,False,False,False,False,False,312.85714285714283,70.42820364123942,298.1333333333333,67.28771642439051,296.25,-15.848451921309065,370.0,3.9855072,46.0
2024-03-08,34.196787148594375,0.73891604,4.141791,0.23081213743864346,2024.0,249.0,True,True,False,False,False,False,False,False,True,False,False,True,False,False,False,False,False,False,False,False,False,305.7142857142857,68.69041873779518,296.3333333333333,67.15567777538442,309.8928571428571,22.46815039529325,379.0,3.7583892,-26.0
2024-03-09,45.22222222222222,0.69111925,4.8404255,0.16574074074074074,2024.0,270.0,False,True,False,False,False,False,False,True,False,False,False,True,False,False,False,False,False,False,False,False,False,290.07142857142856,51.733732910733686,295.5,67.59603640695978,321.75,-40.50337470123184,244.0,4.141791,21.0
2024-03-10,47.23899371069182,0.7526874,4.186603,0.32073974243785563,2024.0,318.0,True,True,True,False,False,False,False,False,False,False,False,True,False,False,False,False,False,False,False,False,False,291.64285714285717,50.680913025072414,295.1333333333333,67.70714490557378,322.7857142857142,78.11679904394191,299.0,4.8404255,48.0
2024-03-11,54.88285714285714,0.74677,3.7990196,0.38571428571428573,2024.0,350.0,True,True,False,False,True,False,False,False,False,False,False,True,False,False,False,False,False,False,False,False,False,289.2857142857143,48.42508658731566,295.53333333333336,67.80892695444045,334.42857142857144,35.19932800147085,269.0,4.186603,32.0
2024-03-12,44.39920948616601,0.6577268,4.111111,0.31862099253403603,2024.0,253.0,False,True,False,False,False,True,False,False,False,False,False,True,False,False,False,False,False,False,False,False,False,289.42857142857144,48.61420223906455,300.76666666666665,65.64674708086339,349.32142857142856,-57.16071060856775,293.0,3.7990196,-97.0
2024-03-13,70.57586206896552,0.67491275,4.6296296,0.2935823754789272,2024.0,290.0,False,True,False,False,False,False,True,False,False,False,False,True,False,False,False,False,False,False,False,False,False,290.7142857142857,47.2838052800137,298.46666666666664,66.08444615027429,357.7142857142857,-48.06225501011215,229.0,4.111111,37.0
2024-03-14,71.04294478527608,0.6826822,3.101983,0.4265507839127471,2024.0,489.0,False,True,False,True,False,False,False,False,False,False,False,True,False,False,False,False,False,False,False,False,False,292.0,46.97953728036211,300.0,65.3061754486062,367.5,-4.8093592572163955,275.0,4.6296296,199.0
2024-03-15,57.8006230529595,0.7134537,3.4640522,0.4592581354263597,2024.0,642.0,True,True,False,False,False,False,False,False,True,False,False,True,False,False,False,False,False,False,False,False,False,300.5,68.16580464629563,307.1,73.65218820636765,377.46428571428567,52.79150946865232,249.0,3.101983,153.0
2024-03-16,57.72843450479233,0.68435526,4.480198,0.2279552715654952,2024.0,313.0,False,True,False,False,False,False,False,True,False,False,False,True,False,False,False,False,False,False,False,False,False,319.2857142857143,112.97544224056206,321.2,93.90875982789777,384.14285714285717,-45.833973156830304,270.0,3.4640522,-329.0
2024-03-17,89.27799227799228,0.65841275,3.8965516,0.1943859443859444,2024.0,259.0,True,True,True,False,False,False,False,False,False,False,False,True,False,False,False,False,False,False,False,False,False,324.2142857142857,110.92490777474279,317.6,92.00172412177558,386.1785714285714,72.90837562051848,318.0,4.480198,-54.0
2024-03-18,70.5716535433071,0.70797163,4.1962423,0.4954456829259979,2024.0,635.0,True,True,False,False,True,False,False,False,False,False,False,True,False,False,False,False,False,False,False,False,False,321.35714285714283,112.13289309692202,313.76666666666665,91.96651689547154,391.21428571428567,37.88694704908991,350.0,3.8965516,376.0
2024-03-19,42.47093023255814,0.7103613,4.626866,0.3192829457364341,2024.0,344.0,False,True,False,False,False,True,False,False,False,False,False,True,False,False,False,False,False,False,False,False,False,347.5,138.54227347081317,329.1666666666667,105.29730760330834,397.39285714285717,-43.99951369737084,253.0,4.1962423,-291.0
2024-03-20,36.210653753026634,0.68220437,4.09699,0.2448883508205542,2024.0,413.0,False,True,False,False,False,False,True,False,False,False,False,True,False,False,False,False,False,False,False,False,False,351.14285714285717,137.66674205534144,329.53333333333336,105.33026330459865,410.3928571428571,-43.15347122632837,290.0,4.626866,69.0
2024-03-21,43.64383561643836,0.674571,3.9182692,0.4486475320721896,2024.0,365.0,False,True,False,True,False,False,False,False,False,False,False,True,False,False,False,False,False,False,False,False,False,364.2857142857143,133.83884027006218,334.93333333333334,105.31788770794994,416.35714285714283,-15.848451921309065,489.0,4.09699,-48.0
2024-03-22,74.92237442922375,0.69889313,4.0546217,0.5072171486555048,2024.0,438.0,True,True,False,False,False,False,False,False,True,False,False,True,False,False,False,False,False,False,False,False,False,370.7142857142857,131.3588324291249,338.0,104.7904312557144,397.3928571428571,22.46815039529325,642.0,3.9182692,73.0
2024-03-23,68.58582089552239,0.6666839,4.8046875,0.325772921108742,2024.0,268.0,False,True,False,False,False,False,False,True,False,False,False,True,False,False,False,False,False,False,False,False,False,384.2142857142857,127.54436849216825,342.76666666666665,106.01225802035675,389.8928571428571,-40.50337470123184,313.0,4.0546217,-170.0
2024-03-24,94.56233421750663,0.67744535,2.9656863,0.47199907372321165,2024.0,377.0,True,True,True,False,False,False,False,False,False,False,False,True,False,False,False,False,False,False,False,False,False,384.07142857142856,127.68318019807687,339.2,106.68820184909428,422.57142857142856,78.11679904394191,259.0,4.8046875,109.0
2024-03-25,68.03472222222223,0.68344855,3.9782608,0.4526381540270429,2024.0,432.0,True,True,False,False,True,False,False,False,False,False,False,True,False,False,False,False,False,False,False,False,False,388.2857142857143,126.3008792048264,336.1666666666667,104.16369191154689,446.07142857142856,35.19932800147085,635.0,2.9656863,55.0
2024-03-26,64.44476744186046,0.6792395,3.9156628,0.4358965485418974,2024.0,344.0,False,True,False,False,False,True,False,False,False,False,False,True,False,False,False,False,False,False,False,False,False,394.14285714285717,126.29017693870279,342.3,104.21038071265185,446.1785714285714,-57.16071060856775,344.0,3.9782608,-88.0
2024-03-27,76.58081705150977,0.6831593,3.939394,0.49176271725117193,2024.0,563.0,False,True,False,False,False,False,True,False,False,False,False,True,False,False,False,False,False,False,False,False,False,400.64285714285717,120.68433531825437,342.06666666666666,104.19806515290567,445.46428571428567,-48.06225501011215,413.0,3.9156628,219.0
2024-03-28,140.76240208877286,0.6733647,3.426396,0.34708856562642465,2024.0,383.0,False,True,False,True,False,False,False,False,False,False,False,True,False,False,False,False,False,False,False,False,False,420.14285714285717,123.45529065701828,349.23333333333335,111.74098230477821,443.1785714285714,-4.8093592572163955,365.0,3.939394,-180.0
2024-03-29,56.10138248847926,0.65684426,4.285714,0.30985663082437276,2024.0,217.0,True,True,False,False,False,False,False,False,True,False,False,True,False,False,False,False,False,False,False,False,False,412.57142857142856,122.15105042888167,354.1666666666667,109.77346056164092,441.57142857142856,52.79150946865232,438.0,3.426396,-166.0
2024-03-30,100.73863636363636,0.68954563,4.0,0.5283437732301368,2024.0,528.0,False,True,False,False,False,False,False,True,False,False,False,True,False,False,False,False,False,False,False,False,False,382.2142857142857,113.23235374249711,352.3333333333333,111.63652020588127,446.7857142857143,-45.833973156830304,268.0,4.285714,311.0
2024-03-31,116.08654848800835,0.6749096,3.6764705,0.7562312383480267,2024.0,959.0,True,True,True,False,False,False,False,False,False,False,False,True,False,False,False,False,False,False,False,False,False,397.57142857142856,117.61783896992884,357.6,116.13505811828702,461.42857142857144,72.90837562051848,377.0,4.0,431.0
2024-04-01,87.59527824620574,0.68519914,3.7755103,0.6433235024297419,2024.0,593.0,True,True,False,False,True,False,False,False,False,False,False,False,True,False,False,False,False,False,False,False,False,447.57142857142856,184.14906766225886,376.93333333333334,159.8645834995082,466.14285714285717,37.88694704908991,432.0,3.6764705,-366.0
2024-04-02,58.84832904884319,0.6555694,4.324324,0.4065675113232954,2024.0,389.0,False,True,False,False,False,True,False,False,False,False,False,False,True,False,False,False,False,False,False,False,False,444.57142857142856,181.17892316106273,388.56666666666666,162.53353676922373,459.0,-43.99951369737084,344.0,3.7755103,-204.0
2024-04-03,71.04022988505747,0.65820456,3.9655173,0.38358876117496804,2024.0,348.0,False,True,False,False,False,False,True,False,False,False,False,False,True,False,False,False,False,False,False,False,False,447.7857142857143,179.65016370346396,391.56666666666666,161.65153738900798,444.0,-43.15347122632837,563.0,4.324324,-41.0
2024-04-04,71.66939890710383,0.66758716,3.317757,0.3574919767542718,2024.0,366.0,False,True,False,True,False,False,False,False,False,False,False,False,True,False,False,False,False,False,False,False,False,443.14285714285717,181.44923305383313,394.2,160.22320637806786,427.82142857142856,-15.848451921309065,383.0,3.9655173,18.0
2024-04-05,102.28316326530613,0.6718388,3.8551402,0.36345764496274696,2024.0,392.0,True,True,False,False,False,False,False,False,True,False,False,False,True,False,False,False,False,False,False,False,False,443.2142857142857,181.41629923017862,396.6333333333333,159.18423144341224,425.32142857142856,22.46815039529325,217.0,3.317757,26.0
2024-04-06,169.24565217391304,0.67696846,3.8051472,0.33260869565217394,2024.0,460.0,False,True,False,False,False,False,False,True,False,False,False,False,True,False,False,False,False,False,False,False,False,439.92857142857144,181.9338274824604,402.06666666666666,156.01545753067452,414.57142857142856,-40.50337470123184,528.0,3.8551402,68.0
2024-04-07,135.60672268907564,0.6806763,4.457071,0.41569415645045893,2024.0,595.0,True,True,True,False,False,False,False,False,False,False,False,False,True,False,False,False,False,False,False,False,False,453.64285714285717,175.08442233692588,408.23333333333335,154.4683168793529,376.74999999999994,78.11679904394191,959.0,3.8051472,135.0
2024-04-08,65.29479768786128,0.6671477,3.7948718,0.35814795352367607,2024.0,346.0,True,True,False,False,True,False,False,False,False,False,False,False,True,False,False,False,False,False,False,False,False,469.2142857142857,177.42221635731795,419.76666666666665,155.0850007939656,341.60714285714283,35.19932800147085,593.0,4.457071,-249.0
2024-04-09,65.41304347826087,0.7048709,4.158416,0.3123188405797101,2024.0,230.0,False,True,False,False,False,True,False,False,False,False,False,False,True,False,False,False,False,False,False,False,False,463.07142857142856,180.27562840773092,422.3,153.16300759828292,326.07142857142856,-57.16071060856775,389.0,3.7948718,-116.0
2024-04-10,41.81712062256809,0.68508136,4.9698796,0.2017942066580199,2024.0,257.0,False,True,False,False,False,False,True,False,False,False,False,False,True,False,False,False,False,False,False,False,False,454.92857142857144,188.4566729580507,419.3666666666667,156.04497215012498,316.4642857142857,-48.06225501011215,348.0,4.158416,27.0
2024-04-11,32.470338983050844,0.70088726,4.3069305,0.2757768361581921,2024.0,236.0,False,True,False,True,False,False,False,False,False,False,False,False,True,False,False,False,False,False,False,False,False,433.07142857142856,192.65651550630997,416.26666666666665,158.37688209334448,307.1785714285714,-4.8093592572163955,366.0,4.9698796,-21.0
2024-04-12,55.3469387755102,0.7151731,4.611111,0.3176627793974733,2024.0,294.0,True,True,False,False,False,False,False,False,True,False,False,False,True,False,False,False,False,False,False,False,False,422.57142857142856,199.48036891488263,415.7,159.01033364815163,299.46428571428567,52.79150946865232,392.0,4.3069305,58.0
2024-04-13,37.56666666666667,0.68770534,3.9375,0.10718855218855221,2024.0,150.0,False,True,False,False,False,False,False,True,False,False,False,False,True,False,False,False,False,False,False,False,False,428.07142857142856,194.37254644930414,415.8333333333333,158.90293791544846,287.5,-45.833973156830304,460.0,4.611111,-144.0
2024-04-14,44.010791366906474,0.7077932,4.2982454,0.22430237628079353,2024.0,278.0,True,True,True,False,False,False,False,False,False,False,False,False,True,False,False,False,False,False,False,False,False,401.07142857142856,205.3666380986847,404.53333333333336,165.43958858527276,271.85714285714283,72.90837562051848,595.0,3.9375,128.0
2024-04-15,39.355172413793106,0.7050386,4.0406976,0.22375478927203063,2024.0,290.0,True,True,False,False,True,False,False,False,False,False,False,False,True,False,False,False,False,False,False,False,False,352.42857142857144,129.79789869444957,392.4,160.70332485885163,265.8571428571429,37.88694704908991,346.0,4.2982454,12.0
2024-04-16,44.42023346303502,0.6922124,3.9583333,0.26642888024210976,2024.0,257.0,False,True,False,False,False,True,False,False,False,False,False,False,True,False,False,False,False,False,False,False,False,330.7857142857143,110.41263763469578,391.6333333333333,161.1494237706395,266.75,-43.99951369737084,230.0,4.0406976,-33.0
2024-04-17,40.15165876777251,0.68929523,4.5544553,0.2713270142180095,2024.0,211.0,False,True,False,False,False,False,True,False,False,False,False,False,True,False,False,False,False,False,False,False,False,321.35714285714283,110.69473418290622,391.56666666666666,161.20658909553308,268.17857142857144,-43.15347122632837,257.0,3.9583333,-46.0
2024-04-18,55.36625514403292,0.67703617,4.93007,0.27983539094650206,2024.0,243.0,False,True,False,True,False,False,False,False,False,False,False,False,True,False,False,False,False,False,False,False,False,311.57142857142856,114.15961449837538,377.43333333333334,157.6761594673328,272.6428571428571,-15.848451921309065,236.0,4.5544553,32.0
2024-04-19,66.20735785953177,0.69936824,3.988764,0.34596804162021555,2024.0,299.0,True,True,False,False,False,False,False,False,True,False,False,False,True,False,False,False,False,False,False,False,False,302.7857142857143,114.38139881818411,374.06666666666666,159.4825540849883,277.6428571428571,22.46815039529325,294.0,4.93007,56.0
2024-04-20,50.68348623853211,0.6933261,5.042735,0.13292194553662445,2024.0,218.0,False,True,False,False,False,False,False,True,False,False,False,False,True,False,False,False,False,False,False,False,False,296.14285714285717,111.46497010469098,370.26666666666665,159.88054448789907,282.6071428571429,-40.50337470123184,150.0,3.988764,-81.0
2024-04-21,117.70676691729324,0.69748676,3.4962406,0.4341409078251184,2024.0,399.0,True,True,True,False,False,False,False,False,False,False,False,False,True,False,False,False,False,False,False,False,False,278.85714285714283,102.50392648603778,365.3666666666667,162.28210501837643,287.35714285714283,78.11679904394191,278.0,5.042735,181.0
2024-04-22,87.67914438502673,0.705474,3.3464568,0.2243423540214984,2024.0,374.0,True,True,False,False,True,False,False,False,False,False,False,False,True,False,False,False,False,False,False,False,False,264.85714285714283,60.97648619043215,364.06666666666666,161.83579019643864,288.67857142857144,35.19932800147085,290.0,3.4962406,-25.0
2024-04-23,33.33920704845815,0.7084013,4.5419846,0.2110421394562364,2024.0,227.0,False,True,False,False,False,True,False,False,False,False,False,False,True,False,False,False,False,False,False,False,False,266.85714285714283,64.21581058953024,367.6,160.82001076380055,285.1428571428571,-57.16071060856775,257.0,3.3464568,-147.0
2024-04-24,72.06,0.68815935,4.228395,0.2785661375661376,2024.0,300.0,False,True,False,False,False,False,True,False,False,False,False,False,True,False,False,False,False,False,False,False,False,266.64285714285717,64.35312094859323,362.6,162.8368339251245,283.92857142857144,-48.06225501011215,211.0,4.5419846,73.0
2024-04-25,37.42767295597484,0.69820595,3.9729729,0.42889587700908455,2024.0,318.0,False,True,False,True,False,False,False,False,False,False,False,False,True,False,False,False,False,False,False,False,False,269.7142857142857,64.88146419128108,358.2,162.68022366721087,284.96428571428567,-4.8093592572163955,243.0,4.228395,18.0
2024-04-26,69.80113636363636,0.70622444,3.9671361,0.3925189393939394,2024.0,352.0,True,True,False,False,False,False,False,False,True,False,False,False,True,False,False,False,False,False,False,False,False,275.57142857142856,65.30368617904752,357.3333333333333,162.82767140358118,285.75,52.79150946865232,299.0,3.9729729,34.0
2024-04-27,75.23376623376623,0.6924753,4.1796875,0.18362193362193363,2024.0,231.0,False,True,False,False,False,False,False,True,False,False,False,False,True,False,False,False,False,False,False,False,False,279.7142857142857,68.33225229199456,350.3,158.12678239420669,285.85714285714283,-45.833973156830304,218.0,3.9671361,-121.0
2024-04-28,50.43030303030303,0.71013755,4.227053,0.3753443526170799,2024.0,330.0,True,True,True,False,False,False,False,False,False,False,False,False,True,False,False,False,False,False,False,False,False,285.5,59.34222779775035,345.23333333333335,159.47233752843022,280.82142857142856,72.90837562051848,399.0,4.1796875,99.0
2024-04-29,50.96363636363636,0.6915556,3.9751554,0.29313131313131313,2024.0,275.0,True,True,False,False,True,False,False,False,False,False,False,False,True,False,False,False,False,False,False,False,False,289.2142857142857,60.45364221569244,349.0,157.66332527868045,272.82142857142856,37.88694704908991,374.0,4.227053,-55.0
2024-04-30,53.05780346820809,0.69030637,4.509804,0.19781631342324985,2024.0,173.0,False,True,False,False,False,True,False,False,False,False,False,False,True,False,False,False,False,False,False,False,False,288.14285714285717,60.57145448890255,340.56666666666666,154.4930939943724,266.1428571428571,-43.99951369737084,227.0,3.9751554,-102.0
2024-05-01,269.4176245210728,0.66771454,4.519231,0.3219455087271179,2024.0,261.0,False,True,False,False,False,False,True,False,False,False,False,False,False,True,False,False,False,False,False,False,False,282.14285714285717,67.64142693174598,314.3666666666667,104.58472339599155,260.75,-43.15347122632837,300.0,4.509804,88.0
2024-05-02,90.07207207207207,0.68007386,4.395161,0.314064064064064,2024.0,222.0,False,True,False,True,False,False,False,False,False,False,False,False,False,True,False,False,False,False,False,False,False,285.7142857142857,64.85893399279249,303.3,90.73232705278623,256.9642857142857,-15.848451921309065,318.0,4.519231,-39.0
2024-05-03,39.66081871345029,0.70398563,4.6892657,0.24339510392141972,2024.0,342.0,True,True,False,False,False,False,False,False,True,False,False,False,False,True,False,False,False,False,False,False,False,284.2142857142857,66.15271210374834,297.73333333333335,90.41549048443083,251.75,22.46815039529325,352.0,4.395161,120.0
2024-05-04,45.46629213483146,0.67207694,4.5604396,0.21681826288567863,2024.0,178.0,False,True,False,False,False,False,False,True,False,False,False,False,False,True,False,False,False,False,False,False,False,287.2857142857143,67.86800375777992,297.53333333333336,90.30703693256801,243.92857142857144,-40.50337470123184,231.0,4.6892657,-164.0
2024-05-05,72.1241610738255,0.69519424,3.5964913,0.40990271845976545,2024.0,298.0,True,True,True,False,False,False,False,False,False,False,False,False,False,True,False,False,False,False,False,False,False,284.42857142857144,71.74068075175596,291.26666666666665,91.90097119044552,241.2142857142857,78.11679904394191,330.0,4.5604396,120.0
2024-05-06,38.52988047808765,0.71158683,3.56,0.37069183583127807,2024.0,251.0,True,True,False,False,True,False,False,False,False,False,False,False,False,True,False,False,False,False,False,False,False,277.2142857142857,63.993002708143706,288.1333333333333,89.92937203173922,242.96428571428572,35.19932800147085,275.0,3.5964913,-47.0
2024-05-07,24.085889570552148,0.69039756,4.5652175,0.3254065634433732,2024.0,163.0,False,True,False,False,False,True,False,False,False,False,False,False,False,True,False,False,False,False,False,False,False,268.42857142857144,57.82960951159731,281.1666666666667,84.05994713681214,245.85714285714283,-57.16071060856775,173.0,3.56,-88.0
2024-05-08,34.629107981220656,0.6832887,4.132653,0.2684179148967881,2024.0,213.0,False,True,False,False,False,False,True,False,False,False,False,False,False,True,False,False,False,False,False,False,False,263.85714285714283,63.59832743671284,266.76666666666665,62.74396980687796,249.6428571428571,-48.06225501011215,261.0,4.5652175,50.0
2024-05-09,45.12709030100334,0.72019833,4.425676,0.4282741413176196,2024.0,299.0,False,True,False,True,False,False,False,False,False,False,False,False,False,True,False,False,False,False,False,False,False,257.64285714285717,64.04398385587795,262.3333333333333,61.641529514763974,253.25,-4.8093592572163955,222.0,4.132653,86.0
2024-05-10,43.83111111111111,0.69898623,5.0,0.2164373897707231,2024.0,225.0,True,True,False,False,False,False,False,False,True,False,False,False,False,True,False,False,False,False,False,False,False,256.2857142857143,62.856893106397635,264.6333333333333,61.6807594955996,256.5,52.79150946865232,342.0,4.425676,-74.0
2024-05-11,36.611510791366904,0.69361365,4.710145,0.1980073084389631,2024.0,139.0,False,True,False,False,False,False,False,True,False,False,False,False,False,True,False,False,False,False,False,False,False,247.21428571428572,56.85904105285839,263.56666666666666,62.09263565269901,259.42857142857144,-45.833973156830304,178.0,5.0,-86.0
2024-05-12,41.85260115606936,0.72866416,4.173554,0.5094403990357748,2024.0,346.0,True,True,True,False,False,False,False,False,False,False,False,False,False,True,False,False,False,False,False,False,False,240.64285714285714,63.77316428966472,260.3333333333333,65.98136274649862,266.75,72.90837562051848,298.0,4.710145,207.0
2024-05-13,32.08766233766234,0.7296464,4.715026,0.34881210059781487,2024.0,308.0,True,True,False,False,True,False,False,False,False,False,False,False,False,True,False,False,False,False,False,False,False,241.78571428571428,65.61446671091922,262.06666666666666,67.56041145080658,275.75,37.88694704908991,251.0,4.173554,-38.0
2024-05-14,19.212669683257918,0.6916357,5.0,0.34133448251095305,2024.0,221.0,False,True,False,False,False,True,False,False,False,False,False,False,False,True,False,False,False,False,False,False,False,244.14285714285714,67.46606798732542,267.3333333333333,64.61735292358046,280.4285714285714,-43.99951369737084,163.0,4.715026,-87.0
2024-05-15,28.61755485893417,0.6897056,4.0934067,0.3285307169319709,2024.0,319.0,False,True,False,False,False,False,True,False,False,False,False,False,False,True,False,False,False,False,False,False,False,247.57142857142858,64.73699962833624,265.43333333333334,65.12888195238571,285.17857142857144,-43.15347122632837,213.0,5.0,98.0
2024-05-16,45.07924528301887,0.7094098,4.6850395,0.4474418034795393,2024.0,265.0,False,True,False,True,False,False,False,False,False,False,False,False,False,True,False,False,False,False,False,False,False,251.71428571428572,67.46101845502406,266.4,65.71862697161635,289.35714285714283,-15.848451921309065,299.0,4.0934067,-54.0
2024-05-17,57.26923076923077,0.7114072,4.285714,0.4354131054131054,2024.0,390.0,True,True,False,False,False,False,False,False,True,False,False,False,False,True,False,False,False,False,False,False,False,254.78571428571428,66.9812586548588,266.6666666666667,65.69539601426602,296.6428571428571,22.46815039529325,225.0,4.6850395,125.0
2024-05-18,99.96698113207547,0.660641,5.0,0.36632225217130876,2024.0,212.0,False,True,False,False,False,False,False,True,False,False,False,False,False,True,False,False,False,False,False,False,False,258.2142857142857,72.76746797576843,272.6333333333333,68.53264177387095,305.8928571428571,-40.50337470123184,139.0,4.285714,-178.0
2024-05-19,40.23240938166311,0.710291,3.9527028,0.5136194414446014,2024.0,469.0,True,True,True,False,False,False,False,False,False,False,False,False,False,True,False,False,False,False,False,False,False,260.64285714285717,70.41373024200247,271.6,69.22507020456939,309.4285714285714,78.11679904394191,346.0,5.0,257.0
2024-05-20,59.43072289156626,0.69387585,4.326425,0.366116848345764,2024.0,332.0,True,True,False,False,True,False,False,False,False,False,False,False,False,True,False,False,False,False,False,False,False,272.85714285714283,89.60756934275459,277.26666666666665,77.9530952398379,317.6428571428571,35.19932800147085,308.0,3.9527028,-137.0
2024-05-21,50.291079812206576,0.6405324,4.285714,0.48214968825297466,2024.0,213.0,False,True,False,False,False,True,False,False,False,False,False,False,False,True,False,False,False,False,False,False,False,278.64285714285717,90.69611741571855,281.06666666666666,77.7426937839279,326.71428571428567,-57.16071060856775,221.0,4.326425,-119.0
2024-05-22,67.63175675675676,0.674199,4.2328043,0.5453641141141141,2024.0,296.0,False,True,False,False,False,False,True,False,False,False,False,False,False,True,False,False,False,False,False,False,False,282.2142857142857,86.68792709078232,274.8666666666667,75.39447218982028,325.96428571428567,-48.06225501011215,319.0,4.285714,83.0
2024-05-23,81.54054054054055,0.6790276,3.5507247,0.39825778159111497,2024.0,333.0,False,True,False,True,False,False,False,False,False,False,False,False,False,True,False,False,False,False,False,False,False,288.14285714285717,84.3981927831102,272.26666666666665,73.1700585708686,322.3928571428571,-4.8093592572163955,265.0,4.2328043,37.0
2024-05-24,49.483544303797466,0.7222724,4.4961243,0.4779827205143661,2024.0,395.0,True,True,False,False,False,False,False,False,True,False,False,False,False,True,False,False,False,False,False,False,False,290.57142857142856,85.21981918789592,275.8,73.46751569278044,314.5357142857143,52.79150946865232,390.0,3.5507247,62.0
2024-05-25,44.73245614035088,0.6732767,4.0384617,0.25193539404065723,2024.0,228.0,False,True,False,False,False,False,False,True,False,False,False,False,False,True,False,False,False,False,False,False,False,302.7142857142857,87.24539094850991,278.96666666666664,76.53013079526391,307.5,-45.833973156830304,212.0,4.4961243,-167.0
2024-05-26,48.741573033707866,0.69461346,4.452381,0.5139340840183537,2024.0,356.0,True,True,True,False,False,False,False,False,False,False,False,False,False,True,False,False,False,False,False,False,False,309.07142857142856,77.04490627171711,275.96666666666664,76.71104912247803,297.5357142857142,72.90837562051848,469.0,4.0384617,128.0
2024-05-27,45.875,0.70279187,4.230769,0.5196443602693602,2024.0,528.0,True,True,False,False,True,False,False,False,False,False,False,False,False,True,False,False,False,False,False,False,False,309.7857142857143,77.458851181603,276.1,76.85110996887585,282.57142857142856,37.88694704908991,332.0,4.452381,172.0
2024-05-28,31.29019607843137,0.69206077,4.397163,0.4779458450046685,2024.0,255.0,False,True,False,False,False,True,False,False,False,False,False,False,False,True,False,False,False,False,False,False,False,325.5,96.93594236957217,286.0,89.00910453237435,274.42857142857144,-43.99951369737084,213.0,4.230769,-273.0
2024-05-29,30.21590909090909,0.68125,4.785714,0.2916704928068564,2024.0,264.0,False,True,False,False,False,False,True,False,False,False,False,False,False,True,False,False,False,False,False,False,False,327.92857142857144,94.51207841875588,283.5,88.78363859832842,269.07142857142856,-43.15347122632837,296.0,4.397163,9.0
2024-05-30,52.16818181818182,0.69977003,4.4117646,0.21457070707070708,2024.0,220.0,False,True,False,True,False,False,False,False,False,False,False,False,False,True,False,False,False,False,False,False,False,324.0,96.04245855950346,283.1333333333333,88.84264793416502,265.7142857142857,-15.848451921309065,333.0,4.785714,-44.0
2024-05-31,32.5953488372093,0.71619165,4.1037736,0.4337910668143226,2024.0,215.0,True,True,False,False,False,False,False,False,True,False,False,False,False,True,False,False,False,False,False,False,False,320.7857142857143,98.88001942636508,284.7,87.23339679985729,265.21428571428567,22.46815039529325,395.0,4.4117646,-5.0
2024-06-01,58.77894736842105,0.6665047,5.0,0.24529657477025898,2024.0,190.0,False,False,False,False,False,False,False,True,False,False,False,False,False,False,True,False,False,False,False,False,False,308.2857142857143,100.50520734418092,283.1666666666667,88.06466406834943,264.2857142857143,-40.50337470123184,228.0,4.1037736,-25.0
2024-06-02,84.33490566037736,0.68317074,5.1363635,0.35422282120395326,2024.0,212.0,True,False,True,False,False,False,False,False,False,False,False,False,False,False,True,False,False,False,False,False,False,306.7142857142857,102.28273677291948,282.1,89.01969948585368,263.0,78.11679904394191,356.0,5.0,22.0
2024-06-03,28.988235294117647,0.7256823,5.107527,0.22948985654868007,2024.0,170.0,True,False,False,False,True,False,False,False,False,False,False,False,False,False,True,False,False,False,False,False,False,288.35714285714283,93.61098484428297,277.76666666666665,89.16729079167096,254.10714285714283,35.19932800147085,528.0,5.1363635,-42.0
2024-06-04,46.69387755102041,0.6809843,4.861111,0.37001403736097616,2024.0,147.0,False,False,False,False,False,True,False,False,False,False,False,False,False,False,True,False,False,False,False,False,False,276.7857142857143,97.72345484260019,277.5,89.48733295065097,243.64285714285714,-57.16071060856775,255.0,5.107527,-23.0
2024-06-05,78.3254716981132,0.6701231,4.330357,0.20541295706390045,2024.0,212.0,False,False,False,False,False,False,True,False,False,False,False,False,False,False,True,False,False,False,False,False,False,272.07142857142856,102.51188620441488,272.46666666666664,92.49072025524133,241.9642857142857,-48.06225501011215,264.0,4.861111,65.0
2024-06-06,56.8297213622291,0.6799468,4.007092,0.32547053909283014,2024.0,323.0,False,False,False,True,False,False,False,False,False,False,False,False,False,False,True,False,False,False,False,False,False,266.07142857142856,103.45750839816381,271.1666666666667,93.07508401483068,245.28571428571428,-4.8093592572163955,220.0,4.330357,111.0
2024-06-07,70.05626598465473,0.69885033,4.325843,0.5009194982340762,2024.0,391.0,True,False,False,False,False,False,False,False,True,False,False,False,False,False,True,False,False,False,False,False,False,265.35714285714283,102.99335836903252,276.5,91.2290599497239,252.39285714285714,52.79150946865232,215.0,4.007092,68.0
2024-06-08,39.737864077669904,0.6221044,4.5338984,0.24708877961305148,2024.0,206.0,False,False,False,False,False,False,False,True,False,False,False,False,False,False,True,False,False,False,False,False,False,265.07142857142856,102.6108888251856,282.43333333333334,92.73272060747672,257.75,-45.833973156830304,190.0,4.325843,-185.0
2024-06-09,53.388888888888886,0.623517,4.2694063,0.39974009096816115,2024.0,342.0,True,False,True,False,False,False,False,False,False,False,False,False,False,False,True,False,False,False,False,False,False,263.5,103.38780615497437,279.3333333333333,93.70913668821493,264.07142857142856,72.90837562051848,212.0,4.5338984,136.0
2024-06-10,69.419795221843,0.62085557,3.6645963,0.3733409177095184,2024.0,293.0,True,False,False,False,True,False,False,False,False,False,False,False,False,False,True,False,False,False,False,False,False,262.5,102.48808561148846,283.23333333333335,93.80452284270251,274.46428571428567,37.88694704908991,170.0,4.2694063,-49.0
2024-06-11,20.487309644670052,0.621901,4.181818,0.44034324389654345,2024.0,197.0,False,False,False,False,False,True,False,False,False,False,False,False,False,False,True,False,False,False,False,False,False,245.71428571428572,69.639101053966,288.3666666666667,89.76616493877891,282.67857142857144,-43.99951369737084,147.0,3.6645963,-96.0
2024-06-12,30.298181818181817,0.61385995,4.117647,0.38663649481831297,2024.0,275.0,False,False,False,False,False,False,True,False,False,False,False,False,False,False,True,False,False,False,False,False,False,241.57142857142858,70.7603912300735,283.4,90.58568053087282,288.21428571428567,-43.15347122632837,212.0,4.181818,78.0
2024-06-13,76.90728476821192,0.6387248,3.1176472,0.2943708609271523,2024.0,302.0,False,False,False,True,False,False,False,False,False,False,False,False,False,False,True,False,False,False,False,False,False,242.35714285714286,71.08890115996985,282.3,90.47695458151098,288.7857142857143,-15.848451921309065,323.0,4.117647,27.0
2024-06-14,56.852409638554214,0.6318434,4.065934,0.415112832281507,2024.0,332.0,True,False,False,False,False,False,False,False,True,False,False,False,False,False,True,False,False,False,False,False,False,248.21428571428572,72.46981182791716,285.0,89.79056090473084,285.32142857142856,22.46815039529325,391.0,3.1176472,30.0
2024-06-15,51.39461883408072,0.5923193,4.344262,0.34895366218236173,2024.0,223.0,False,False,False,False,False,False,False,True,False,False,False,False,False,False,True,False,False,False,False,False,False,256.57142857142856,75.04533428403322,285.43333333333334,89.99144914679506,284.57142857142856,-40.50337470123184,206.0,4.065934,-109.0
2024-06-16,108.63202247191012,0.6118166,3.940092,0.4151997503121098,2024.0,356.0,True,False,True,False,False,False,False,False,False,False,False,False,False,False,True,False,False,False,False,False,False,258.92857142857144,73.29126748876693,284.03333333333336,90.64461995307141,284.35714285714283,78.11679904394191,342.0,4.344262,133.0
2024-06-17,55.97160883280757,0.5914833,3.9896374,0.4536578038155325,2024.0,317.0,True,False,False,False,True,False,False,False,False,False,False,False,False,False,True,False,False,False,False,False,False,269.2142857142857,76.24371708937392,282.9,89.47908636408675,282.75,35.19932800147085,293.0,3.940092,-39.0
2024-06-18,34.63913043478261,0.64359087,4.6992483,0.4231366459627329,2024.0,230.0,False,False,False,False,False,True,False,False,False,False,False,False,False,False,True,False,False,False,False,False,False,279.7142857142857,71.50409194469404,286.4,88.65998592064092,282.85714285714283,-57.16071060856775,197.0,3.9896374,-87.0
2024-06-19,57.651408450704224,0.5742862,3.1818182,0.31965962441314555,2024.0,284.0,False,False,False,False,False,False,True,False,False,False,False,False,False,False,True,False,False,False,False,False,False,285.64285714285717,62.53196984541064,278.43333333333334,82.1880448279654,282.92857142857144,-48.06225501011215,275.0,4.6992483,54.0
2024-06-20,86.37078651685393,0.58990335,4.31677,0.3540752630640271,2024.0,267.0,False,False,False,True,False,False,False,False,False,False,False,False,False,False,True,False,False,False,False,False,False,290.7857142857143,58.86252375915253,276.8333333333333,81.57420287512846,281.25,-4.8093592572163955,302.0,3.1818182,-17.0
2024-06-21,45.29142857142857,0.62151253,3.3039649,0.2601978973407545,2024.0,350.0,True,False,False,False,False,False,False,False,True,False,False,False,False,False,True,False,False,False,False,False,False,286.7857142857143,58.40597779130433,278.6333333333333,80.70827985269901,280.25,52.79150946865232,332.0,4.31677,83.0
2024-06-22,68.13716814159292,0.54865575,3.943662,0.40816477033291193,2024.0,226.0,False,False,False,False,False,False,False,True,False,False,False,False,False,False,True,False,False,False,False,False,False,283.85714285714283,53.60949563256601,280.43333333333334,81.70497107796163,278.75,-45.833973156830304,223.0,3.3039649,-124.0
2024-06-23,90.52215189873418,0.61746484,3.5294118,0.42941531042796866,2024.0,316.0,True,False,True,False,False,False,False,False,False,False,False,False,False,False,True,False,False,False,False,False,False,285.2857142857143,51.604156915786376,276.8666666666667,81.66657752751394,281.35714285714283,72.90837562051848,356.0,3.943662,90.0
2024-06-24,102.18613138686132,0.6097551,3.6046512,0.31279399837794,2024.0,274.0,True,False,False,False,True,False,False,False,False,False,False,False,False,False,True,False,False,False,False,False,False,283.42857142857144,49.84393225275946,274.23333333333335,78.9546719952976,287.82142857142856,37.88694704908991,317.0,3.5294118,-42.0
2024-06-25,65.61643835616438,0.63075614,4.642857,0.31684819493038674,2024.0,219.0,False,False,False,False,False,True,False,False,False,False,False,False,False,False,True,False,False,False,False,False,False,282.07142857142856,49.82193567822678,275.76666666666665,78.47102840444076,289.46428571428567,-43.99951369737084,230.0,3.6046512,-55.0
2024-06-26,46.8235294117647,0.57890314,4.328358,0.4735107376283847,2024.0,255.0,False,False,False,False,False,False,True,False,False,False,False,False,False,False,True,False,False,False,False,False,False,283.64285714285717,47.210831780034646,271.2,77.6226060211664,290.17857142857144,-43.15347122632837,284.0,4.642857,36.0
2024-06-27,52.552727272727275,0.6289542,3.7226276,0.4852756132756133,2024.0,275.0,False,False,False,True,False,False,False,False,False,False,False,False,False,False,True,False,False,False,False,False,False,282.2142857142857,47.7915000029039,262.1,60.61884878143257,293.96428571428567,-15.848451921309065,267.0,4.328358,20.0
2024-06-28,77.0392749244713,0.60137314,4.2639594,0.44827362969356926,2024.0,331.0,True,False,False,False,False,False,False,False,True,False,False,False,False,False,True,False,False,False,False,False,False,280.2857142857143,47.47538402069202,262.76666666666665,60.648042486722076,294.7857142857143,22.46815039529325,350.0,3.7226276,56.0
2024-06-29,79.53296703296704,0.5621775,4.5412846,0.24703907203907202,2024.0,182.0,False,False,False,False,False,False,False,True,False,False,False,False,False,False,True,False,False,False,False,False,False,280.2142857142857,47.392272287025484,265.0,61.915403910329864,293.96428571428567,-40.50337470123184,226.0,4.2639594,-149.0
2024-06-30,89.15531914893617,0.5963164,3.9616613,0.43805379018144974,2024.0,470.0,True,False,True,False,False,False,False,False,False,False,False,False,False,False,True,False,False,False,False,False,False,277.2857142857143,52.22058033945142,263.73333333333335,63.24224544713275,297.32142857142856,78.11679904394191,316.0,4.5412846,288.0
2024-07-01,297.1614583333333,0.5727349,3.3333333,0.36187582671957674,2024.0,384.0,True,True,False,False,True,False,False,False,False,False,False,False,False,False,False,True,False,False,False,False,False,285.42857142857144,70.96338631859594,272.23333333333335,72.87007016901217,301.0357142857142,35.19932800147085,274.0,3.9616613,-86.0
2024-07-02,42.196172248803826,0.5775842,4.5348835,0.3419723551302498,2024.0,209.0,False,True,False,False,False,True,False,False,False,False,False,False,False,False,False,True,False,False,False,False,False,290.2142857142857,75.37820392111848,278.7,73.92127685865393,301.8928571428571,-57.16071060856775,219.0,3.3333333,-175.0
2024-07-03,35.504615384615384,0.5935929,4.69163,0.4963003663003663,2024.0,325.0,False,True,False,False,False,False,True,False,False,False,False,False,False,False,False,True,False,False,False,False,False,288.7142857142857,76.86294352880445,278.6,74.01658714378667,302.07142857142856,-48.06225501011215,255.0,4.5348835,116.0
2024-07-04,64.0421686746988,0.57780087,4.1860466,0.44456875119525724,2024.0,332.0,False,True,False,True,False,False,False,False,False,False,False,False,False,False,False,True,False,False,False,False,False,291.64285714285717,77.44835216289206,283.76666666666665,71.54293783472242,302.1428571428571,-4.8093592572163955,275.0,4.69163,7.0
2024-07-05,64.10064935064935,0.5883396,4.0,0.43571170892599465,2024.0,308.0,True,True,False,False,False,False,False,False,True,False,False,False,False,False,False,True,False,False,False,False,False,296.2857142857143,77.80491241306355,289.93333333333334,67.18832684602127,303.25,52.79150946865232,331.0,4.1860466,-24.0
2024-07-06,62.06938775510204,0.56228817,4.6296296,0.24252672497570457,2024.0,245.0,False,True,False,False,False,False,False,True,False,False,False,False,False,False,False,True,False,False,False,False,False,293.2857142857143,76.37098580303626,293.1333333333333,65.61630018962268,310.25,-45.833973156830304,182.0,4.0,-63.0
2024-07-07,98.87212276214834,0.5658841,3.7323945,0.4281959160475784,2024.0,391.0,True,True,True,False,False,False,False,False,False,False,False,False,False,False,False,True,False,False,False,False,False,294.64285714285717,75.24381614546117,290.53333333333336,65.93661184508316,315.35714285714283,72.90837562051848,470.0,4.6296296,146.0
2024-07-08,98.37623762376238,0.5913746,3.4943182,0.3691104824768191,2024.0,303.0,True,True,False,False,True,False,False,False,False,False,False,False,False,False,False,True,False,False,False,False,False,300.0,79.43454005560963,290.53333333333336,65.93661184508316,315.75,37.88694704908991,384.0,3.7323945,-88.0
2024-07-09,61.80373831775701,0.57226825,3.6585367,0.39041752639883487,2024.0,214.0,False,True,False,False,False,True,False,False,False,False,False,False,False,False,False,True,False,False,False,False,False,302.07142857142856,79.08171458951607,293.76666666666665,63.998212977924474,322.67857142857144,-43.99951369737084,209.0,3.4943182,-89.0
2024-07-10,72.6,0.57807165,4.1509433,0.30917340521114106,2024.0,265.0,False,True,False,False,False,False,True,False,False,False,False,False,False,False,False,True,False,False,False,False,False,301.7142857142857,79.49593949130039,289.5,64.93166168869497,334.71428571428567,-43.15347122632837,325.0,3.6585367,51.0
2024-07-11,73.08988764044943,0.59584385,4.181818,0.2862760834670947,2024.0,267.0,False,True,False,True,False,False,False,False,False,False,False,False,False,False,False,True,False,False,False,False,False,302.42857142857144,79.08779375402514,288.56666666666666,65.08068378788607,345.1428571428571,-15.848451921309065,332.0,4.1509433,2.0
2024-07-12,70.43243243243244,0.60055536,4.0301723,0.3507335907335907,2024.0,370.0,True,True,False,False,False,False,False,False,True,False,False,False,False,False,False,True,False,False,False,False,False,301.85714285714283,79.32974720247688,290.9,62.90296303530268,356.07142857142856,22.46815039529325,308.0,4.181818,103.0
2024-07-13,95.37758112094396,0.5492522,3.9896374,0.4509017694858402,2024.0,339.0,False,True,False,False,False,False,False,True,False,False,False,False,False,False,False,True,False,False,False,False,False,304.64285714285717,81.09690987459935,294.06666666666666,64.4472162173114,368.4285714285714,-40.50337470123184,245.0,4.0301723,-31.0
2024-07-14,116.5657894736842,0.57558095,3.9862542,0.43588295233032076,2024.0,456.0,True,True,True,False,False,False,False,False,False,False,False,False,False,False,False,True,False,False,False,False,False,315.85714285714283,73.3147662142835,295.3,64.9562983062854,381.75,78.11679904394191,391.0,3.9896374,117.0
2024-07-15,80.77506112469437,0.61551714,3.4917355,0.46494353242519504,2024.0,409.0,True,True,False,False,True,False,False,False,False,False,False,False,False,False,False,True,False,False,False,False,False,314.85714285714283,71.11297311359611,299.43333333333334,71.03310706178166,392.71428571428567,35.19932800147085,303.0,3.9862542,-47.0
2024-07-16,134.33597883597884,0.57615477,3.8197424,0.44506382800033595,2024.0,378.0,False,True,False,False,False,True,False,False,False,False,False,False,False,False,False,True,False,False,False,False,False,316.64285714285717,73.26412401804834,305.6333333333333,72.23882007921185,399.2857142857142,-57.16071060856775,214.0,3.4917355,-31.0
2024-07-17,101.72413793103448,0.5620588,3.9481707,0.45632988827714993,2024.0,493.0,False,True,False,False,False,False,True,False,False,False,False,False,False,False,False,True,False,False,False,False,False,328.7142857142857,67.88953535699822,306.3666666666667,72.87660015790165,401.07142857142856,-48.06225501011215,265.0,3.8197424,115.0
2024-07-18,94.54824561403508,0.56055194,3.9846742,0.40701928432191586,2024.0,456.0,False,True,False,True,False,False,False,False,False,False,False,False,False,False,False,True,False,False,False,False,False,340.7142857142857,80.8021596926042,312.23333333333335,80.45246329712141,403.75,-4.8093592572163955,267.0,3.9481707,-37.0
2024-07-19,111.9795918367347,0.5919992,3.9672132,0.5279251700680272,2024.0,490.0,True,True,False,False,False,False,False,False,True,False,False,False,False,False,False,True,False,False,False,False,False,349.57142857142856,86.37727112518124,319.76666666666665,83.02666099983524,407.4285714285714,52.79150946865232,370.0,3.9846742,34.0
2024-07-20,152.47432762836186,0.5577379,4.311741,0.43517712930915864,2024.0,409.0,False,True,False,False,False,False,False,True,False,False,False,False,False,False,False,True,False,False,False,False,False,362.57142857142856,93.07541548138838,326.6333333333333,88.31662604958117,405.60714285714283,-45.833973156830304,339.0,3.9672132,-81.0
2024-07-21,122.545,0.614784,3.2479784,0.5486649029982363,2024.0,600.0,True,True,True,False,False,False,False,False,False,False,False,False,False,False,False,True,False,False,False,False,False,374.2857142857143,87.2797699456085,331.3666666666667,88.8142126453646,401.07142857142856,72.90837562051848,456.0,4.311741,191.0
2024-07-22,87.49376558603491,0.60818624,4.349776,0.5804001900011875,2024.0,401.0,True,True,False,False,True,False,False,False,False,False,False,False,False,False,False,True,False,False,False,False,False,389.2142857142857,106.18501891396141,339.7,101.45226497701006,396.2857142857143,37.88694704908991,409.0,3.2479784,-199.0
2024-07-23,117.69666666666667,0.592417,4.361702,0.40598412698412695,2024.0,300.0,False,True,False,False,False,True,False,False,False,False,False,False,False,False,False,True,False,False,False,False,False,396.2142857142857,103.25411414521065,345.53333333333336,99.70533598052037,396.1071428571429,-43.99951369737084,378.0,4.349776,-101.0
2024-07-24,110.54585152838428,0.5631917,3.7407408,0.36000207943439383,2024.0,229.0,False,True,False,False,False,False,True,False,False,False,False,False,False,False,False,True,False,False,False,False,False,402.35714285714283,93.69558494060827,345.0,99.91134000737308,392.6071428571429,-43.15347122632837,493.0,4.361702,-71.0
2024-07-25,79.05820105820106,0.6004754,4.0140843,0.4869952358047596,2024.0,378.0,False,True,False,True,False,False,False,False,False,False,False,False,False,False,False,True,False,False,False,False,False,399.7857142857143,98.1436769164546,343.5,101.34160394258183,383.82142857142856,-15.848451921309065,456.0,3.7407408,149.0
2024-07-26,120.5303867403315,0.60277015,3.5164835,0.4977988248706481,2024.0,362.0,True,True,False,False,False,False,False,False,True,False,False,False,False,False,False,True,False,False,False,False,False,407.7142857142857,90.80022752549368,348.8,98.73000452295842,376.8571428571429,22.46815039529325,490.0,4.0140843,-16.0
2024-07-27,78.29054054054055,0.58157027,3.908046,0.49959513084513085,2024.0,296.0,False,True,False,False,False,False,False,True,False,False,False,False,False,False,False,True,False,False,False,False,False,407.14285714285717,91.08057053878413,352.3666666666667,97.14457172735848,369.14285714285717,-40.50337470123184,409.0,3.5164835,-66.0
2024-07-28,124.58870967741936,0.5993578,4.1201715,0.5016705069124424,2024.0,372.0,True,True,True,False,False,False,False,False,False,False,False,False,False,False,False,True,False,False,False,False,False,404.07142857142856,94.22596758342718,353.06666666666666,96.64222441681393,359.25,78.11679904394191,600.0,3.908046,76.0
2024-07-29,118.92479108635098,0.60356826,3.826291,0.5404452403059645,2024.0,359.0,True,True,False,False,True,False,False,False,False,False,False,False,False,False,False,True,False,False,False,False,False,398.07142857142856,93.33518116956836,354.43333333333334,96.60930323351013,354.2142857142857,35.19932800147085,401.0,4.1201715,-13.0
2024-07-30,59.73286052009456,0.6236508,4.5532646,0.5052122030845435,2024.0,423.0,False,True,False,False,False,True,False,False,False,False,False,False,False,False,False,True,False,False,False,False,False,394.5,93.84008492356368,360.3333333333333,90.95483279735795,354.71428571428567,-57.16071060856775,300.0,3.826291,64.0
2024-07-31,107.78571428571429,0.5638874,3.9473684,0.5330022675736962,2024.0,350.0,False,True,False,False,False,False,True,False,False,False,False,False,False,False,False,True,False,False,False,False,False,397.7142857142857,94.00198735331999,358.76666666666665,89.39207838595577,355.32142857142856,-48.06225501011215,229.0,4.5532646,-73.0
2024-08-01,97.41359773371104,0.6082153,3.5128205,0.4828992065535975,2024.0,353.0,False,True,False,True,False,False,False,False,False,False,False,False,False,False,False,False,True,False,False,False,False,387.5,90.55788628954892,357.6333333333333,89.27658817070824,353.35714285714283,-4.8093592572163955,378.0,3.9473684,3.0
2024-08-02,95.22361809045226,0.61174744,3.568376,0.4030150753768844,2024.0,398.0,True,True,False,False,False,False,False,False,True,False,False,False,False,False,False,False,True,False,False,False,False,380.14285714285717,88.73023692662525,362.43333333333334,84.76689469823434,353.35714285714283,52.79150946865232,362.0,3.5128205,45.0
2024-08-03,147.5859649122807,0.56537616,4.2391305,0.4084754816333764,2024.0,285.0,False,True,False,False,False,False,False,True,False,False,False,False,False,False,False,False,True,False,False,False,False,373.57142857142856,83.2029162633461,364.8666666666667,84.7030241422968,358.6071428571429,-45.833973156830304,296.0,3.568376,-113.0
2024-08-04,119.94854586129753,0.60779935,3.6831276,0.5206033919680453,2024.0,447.0,True,True,True,False,False,False,False,False,False,False,False,False,False,False,False,False,True,False,False,False,False,364.7142857142857,85.70380888352024,363.3,85.7599496590173,366.07142857142856,72.90837562051848,372.0,4.2391305,162.0
2024-08-05,120.87893462469734,0.61658984,3.9525692,0.4608459202890196,2024.0,413.0,True,True,False,False,True,False,False,False,False,False,False,False,False,False,False,False,True,False,False,False,False,353.7857142857143,58.982629217852406,367.93333333333334,86.42155435694964,375.6071428571429,37.88694704908991,359.0,3.6831276,-34.0
2024-08-06,76.79801324503312,0.57750064,4.4267516,0.39368686868686864,2024.0,302.0,False,True,False,False,False,True,False,False,False,False,False,False,False,False,False,False,True,False,False,False,False,354.64285714285717,59.803019145367614,373.53333333333336,83.5772338797381,376.4285714285714,-43.99951369737084,423.0,3.9525692,-111.0
2024-08-07,129.47131147540983,0.57537335,3.5658915,0.33832824734464084,2024.0,244.0,False,True,False,False,False,False,True,False,False,False,False,False,False,False,False,False,True,False,False,False,False,354.7857142857143,59.664676537912555,370.56666666666666,84.51022518559205,369.35714285714283,-43.15347122632837,350.0,4.4267516,-58.0
2024-08-08,121.40584415584415,0.60264605,3.5843372,0.46607400535971966,2024.0,308.0,False,True,False,True,False,False,False,False,False,False,False,False,False,False,False,False,True,False,False,False,False,355.85714285714283,57.3207670017633,368.6,86.79249927864977,364.5,-15.848451921309065,353.0,3.5658915,64.0
2024-08-09,132.9537037037037,0.6471032,4.068441,0.4918022820800598,2024.0,432.0,True,True,False,False,False,False,False,False,True,False,False,False,False,False,False,False,True,False,False,False,False,350.85714285714283,58.28557961630731,371.73333333333335,82.61499126435305,365.6071428571429,22.46815039529325,398.0,3.5843372,124.0
2024-08-10,157.96782841823057,0.56654423,4.7512436,0.525930890676199,2024.0,373.0,False,True,False,False,False,False,False,True,False,False,False,False,False,False,False,False,True,False,False,False,False,355.85714285714283,62.186886006688724,377.3,80.78116458509416,367.3928571428571,-40.50337470123184,285.0,4.068441,-59.0
2024-08-11,171.81944444444446,0.6366647,3.256173,0.5422493548485613,2024.0,504.0,True,True,True,False,False,False,False,False,False,False,False,False,False,False,False,False,True,False,False,False,False,361.35714285714283,59.84673648689605,380.8333333333333,78.06278787344611,362.8571428571429,78.11679904394191,447.0,4.7512436,131.0
2024-08-12,110.39878542510121,0.6317,3.8448844,0.495686331212647,2024.0,494.0,True,True,False,False,True,False,False,False,False,False,False,False,False,False,False,False,True,False,False,False,False,370.7857142857143,71.00940194675118,385.3,81.19247034903694,356.5357142857142,35.19932800147085,413.0,3.256173,-10.0
2024-08-13,129.66559485530547,0.60991544,4.0223465,0.5082401878221814,2024.0,311.0,False,True,False,False,False,True,False,False,False,False,False,False,False,False,False,False,True,False,False,False,False,380.42857142857144,78.0982756489589,390.46666666666664,83.05491882019882,353.0357142857142,-57.16071060856775,302.0,3.8448844,-183.0
2024-08-14,88.18939393939394,0.6225572,3.5925925,0.42706228956228953,2024.0,264.0,False,True,False,False,False,False,True,False,False,False,False,False,False,False,False,False,True,False,False,False,False,372.42857142857144,79.13154995197746,385.6333333333333,83.32838376105597,355.14285714285717,-48.06225501011215,244.0,4.0223465,-47.0
2024-08-15,61.554455445544555,0.66024685,4.0333333,0.3654172560113154,2024.0,303.0,False,True,False,True,False,False,False,False,False,False,False,False,False,False,False,False,True,False,False,False,False,366.2857142857143,84.18334256154998,380.8,86.08592339573576,358.21428571428567,-4.8093592572163955,308.0,3.5925925,39.0
2024-08-16,73.00835073068893,0.6724639,3.9455783,0.22902044603505983,2024.0,479.0,True,True,False,False,False,False,False,False,True,False,False,False,False,False,False,False,True,False,False,False,False,362.7142857142857,85.83475051285758,378.3,87.25118317545716,359.2142857142857,52.79150946865232,432.0,4.0333333,176.0
2024-08-17,80.39763779527559,0.645615,3.9583333,0.3813085864266967,2024.0,254.0,False,True,False,False,False,False,False,True,False,False,False,False,False,False,False,False,True,False,False,False,False,368.5,90.97231193314616,377.8333333333333,86.65193287667796,356.10714285714283,-45.833973156830304,373.0,3.9455783,-225.0
2024-08-18,113.94586894586895,0.6693584,4.367089,0.44435543879988326,2024.0,351.0,True,True,True,False,False,False,False,False,False,False,False,False,False,False,False,False,True,False,False,False,False,366.2857142857143,93.50312917135594,371.1,88.20288133537366,349.60714285714283,72.90837562051848,504.0,3.9583333,97.0
2024-08-19,93.53313253012048,0.6572636,4.15625,0.4506454388984509,2024.0,332.0,True,True,False,False,True,False,False,False,False,False,False,False,False,False,False,False,True,False,False,False,False,359.42857142857144,90.60371386997927,366.46666666666664,85.34624543115733,340.0,37.88694704908991,494.0,4.367089,-19.0
2024-08-20,75.44561403508771,0.60993123,4.418605,0.5205764411027568,2024.0,285.0,False,True,False,False,False,True,False,False,False,False,False,False,False,False,False,False,True,False,False,False,False,353.64285714285717,89.49912517222454,363.9,85.1806801796159,329.96428571428567,-43.99951369737084,311.0,4.15625,-47.0
2024-08-21,61.809375,0.59980655,4.2222223,0.4038120039682539,2024.0,320.0,False,True,False,False,False,False,True,False,False,False,False,False,False,False,False,False,True,False,False,False,False,352.42857142857144,90.36482832276232,353.4,73.71688619539472,327.5357142857142,-43.15347122632837,264.0,4.418605,35.0
2024-08-22,57.459119496855344,0.635577,4.179894,0.35949113779302455,2024.0,318.0,False,True,False,True,False,False,False,False,False,False,False,False,False,False,False,False,True,False,False,False,False,357.85714285714283,85.50200820210901,350.7,73.39602075091616,327.1785714285714,-15.848451921309065,303.0,4.2222223,-2.0
2024-08-23,57.24,0.6779922,4.4252872,0.34390844957511624,2024.0,450.0,True,True,False,False,False,False,False,False,True,False,False,False,False,False,False,False,True,False,False,False,False,358.57142857142856,85.09425930715348,351.3,73.0399748838568,321.74999999999994,22.46815039529325,479.0,4.179894,132.0
2024-08-24,84.89179104477611,0.633775,4.155844,0.24391139540393272,2024.0,268.0,False,True,False,False,False,False,False,True,False,False,False,False,False,False,False,False,True,False,False,False,False,359.85714285714283,86.41479319836733,358.6666666666667,71.40623624525094,321.60714285714283,-40.50337470123184,254.0,4.4252872,-182.0
2024-08-25,86.05152224824356,0.6812998,4.1973243,0.46070169746984735,2024.0,427.0,True,True,True,False,False,False,False,False,False,False,False,False,False,False,False,False,True,False,False,False,False,352.35714285714283,89.68115070185542,355.0,73.18139955876259,330.10714285714283,78.11679904394191,351.0,4.155844,159.0
2024-08-26,60.54304635761589,0.6631665,4.490446,0.38654472826658254,2024.0,302.0,True,True,False,False,True,False,False,False,False,False,False,False,False,False,False,False,True,False,False,False,False,346.85714285714283,81.66899151957422,357.1666666666667,74.3487046629423,335.6428571428571,35.19932800147085,332.0,4.1973243,-125.0
2024-08-27,33.37837837837838,0.63270086,4.2910447,0.3932039182039182,2024.0,222.0,False,True,False,False,False,True,False,False,False,False,False,False,False,False,False,False,True,False,False,False,False,333.14285714285717,70.40307810453686,357.3666666666667,74.18638379264641,335.21428571428567,-57.16071060856775,285.0,4.490446,-80.0
2024-08-28,29.50526315789474,0.6441765,4.375,0.3788564002599091,2024.0,285.0,False,True,False,False,False,False,True,False,False,False,False,False,False,False,False,False,True,False,False,False,False,326.7857142857143,76.32539507965907,352.3666666666667,78.11683704480748,332.17857142857144,-48.06225501011215,320.0,4.2910447,63.0
2024-08-29,48.80882352941177,0.6236724,4.0625,0.32666900093370677,2024.0,272.0,False,True,False,True,False,False,False,False,False,False,False,False,False,False,False,False,True,False,False,False,False,328.2857142857143,75.19454621327195,349.9,79.06276424243666,331.3928571428571,-4.8093592572163955,318.0,4.375,-13.0
2024-08-30,62.71508379888268,0.6813888,4.0625,0.32400904495876565,2024.0,358.0,True,True,False,False,False,False,False,False,True,False,False,False,False,False,False,False,True,False,False,False,False,326.07142857142856,76.44250155480363,344.8666666666667,79.05508046372724,328.17857142857144,52.79150946865232,450.0,4.0625,86.0
2024-08-31,59.76280323450135,0.6645199,4.7977943,0.2541234446894824,2024.0,371.0,False,True,False,False,False,False,False,True,False,False,False,False,False,False,False,False,True,False,False,False,False,317.42857142857144,63.58000929866001,345.1333333333333,79.08647965592961,321.46428571428567,-45.833973156830304,268.0,4.0625,13.0
2024-09-01,112.09533898305085,0.6846811,2.6675603,0.34314803605057836,2024.0,472.0,True,False,True,False,False,False,False,False,False,False,False,False,False,False,False,False,False,True,False,False,False,325.7857142857143,62.27751609520984,345.73333333333335,79.21639212694016,315.46428571428567,72.90837562051848,427.0,4.7977943,101.0
2024-09-02,50.91803278688525,0.6659552,4.4071145,0.3174711596842744,2024.0,366.0,True,False,False,False,True,False,False,False,False,False,False,False,False,False,False,False,False,True,False,False,False,334.42857142857144,73.44146207455609,348.2,82.00311179966,309.5,37.88694704908991,302.0,2.6675603,-106.0
2024-09-03,38.04602510460251,0.6702862,4.051095,0.3643337137060986,2024.0,239.0,False,False,False,False,False,True,False,False,False,False,False,False,False,False,False,False,False,True,False,False,False,336.85714285714283,73.91560378916343,350.9,81.17981318631784,306.75,-43.99951369737084,222.0,4.4071145,-127.0
2024-09-04,76.96797153024912,0.6583758,3.7760417,0.4362678642038073,2024.0,281.0,False,False,False,False,False,False,True,False,False,False,False,False,False,False,False,False,False,True,False,False,False,333.57142857142856,77.3411168244192,343.96666666666664,81.5705674325263,306.71428571428567,-43.15347122632837,285.0,4.051095,42.0
2024-09-05,70.85074626865672,0.6432997,3.8559322,0.26968017057569293,2024.0,335.0,False,False,False,True,False,False,False,False,False,False,False,False,False,False,False,False,False,True,False,False,False,330.7857142857143,78.56029391632829,339.56666666666666,81.27801727376215,309.17857142857144,-15.848451921309065,272.0,3.7760417,54.0
2024-09-06,101.91545189504373,0.6401583,3.4334764,0.2821888186319673,2024.0,343.0,True,False,False,False,False,False,False,False,True,False,False,False,False,False,False,False,False,True,False,False,False,332.0,78.47880654624652,340.6666666666667,80.97480805923433,317.7142857142857,22.46815039529325,358.0,3.8559322,8.0
2024-09-07,59.657754010695186,0.61056364,3.778626,0.1723275536109761,2024.0,187.0,False,False,False,False,False,False,False,True,False,False,False,False,False,False,False,False,False,True,False,False,False,324.35714285714283,70.95242950560157,343.96666666666664,78.88992039690393,321.82142857142856,-40.50337470123184,371.0,3.4334764,-156.0
2024-09-08,129.09117647058824,0.61952853,3.0,0.34080263418498713,2024.0,340.0,True,False,True,False,False,False,False,False,False,False,False,False,False,False,False,False,False,True,False,False,False,318.57142857142856,78.77300815118667,339.93333333333334,83.73642281437083,311.3928571428571,78.11679904394191,472.0,3.778626,153.0
2024-09-09,56.450450450450454,0.62664956,4.094203,0.35992242242242245,2024.0,222.0,True,False,False,False,True,False,False,False,False,False,False,False,False,False,False,False,False,True,False,False,False,312.35714285714283,72.76369249189499,336.8666666666667,81.91321451782757,310.7142857142857,35.19932800147085,366.0,3.0,-118.0
2024-09-10,63.34222222222222,0.6385382,4.230769,0.2662962962962963,2024.0,225.0,False,False,False,False,False,True,False,False,False,False,False,False,False,False,False,False,False,True,False,False,False,306.64285714285717,76.67574798898566,331.8333333333333,84.22305497015475,332.3928571428571,-57.16071060856775,239.0,4.094203,3.0
2024-09-11,69.34163701067615,0.6316185,3.6890244,0.3135177396743233,2024.0,281.0,False,False,False,False,False,False,True,False,False,False,False,False,False,False,False,False,False,True,False,False,False,306.85714285714283,76.42478166633754,322.53333333333336,79.84672097572124,348.4285714285714,-48.06225501011215,281.0,4.230769,56.0
2024-09-12,88.47826086956522,0.6670638,3.9726028,0.4028180354267311,2024.0,345.0,False,False,False,True,False,False,False,False,False,False,False,False,False,False,False,False,False,True,False,False,False,306.57142857142856,76.52019772152165,315.43333333333334,73.27354668417611,352.35714285714283,-4.8093592572163955,335.0,3.6890244,64.0
2024-09-13,168.08396946564886,0.70102257,3.5714285,0.46396613352720223,2024.0,524.0,True,False,False,False,False,False,False,False,True,False,False,False,False,False,False,False,False,True,False,False,False,311.7857142857143,76.47038498804547,316.56666666666666,73.46530184183972,355.46428571428567,52.79150946865232,343.0,3.9726028,179.0
2024-09-14,116.221875,0.6936419,4.153439,0.15851040163540162,2024.0,320.0,False,False,False,False,False,False,False,True,False,False,False,False,False,False,False,False,False,True,False,False,False,323.64285714285717,94.84854902816048,325.23333333333335,81.90182656938896,362.1071428571428,-45.833973156830304,187.0,3.5714285,-204.0
2024-09-15,200.24242424242425,0.5860199,3.6969697,0.2681234109805538,2024.0,231.0,True,False,True,False,False,False,False,False,False,False,False,False,False,False,False,False,False,True,False,False,False,320.0,93.86405882158328,325.8,81.80144168698334,373.32142857142856,72.90837562051848,340.0,4.153439,-89.0
2024-09-16,236.58503401360545,0.6941233,3.1674209,0.3594963237820381,2024.0,588.0,True,False,False,False,True,False,False,False,False,False,False,False,False,False,False,False,False,True,False,False,False,302.7857142857143,85.57693665884632,317.53333333333336,78.23912652592823,388.85714285714283,37.88694704908991,222.0,3.6969697,357.0
2024-09-17,126.40544871794872,0.6892458,3.7960954,0.36576617826617824,2024.0,624.0,False,False,False,False,False,True,False,False,False,False,False,False,False,False,False,False,False,True,False,False,False,318.64285714285717,114.0294207264463,328.6666666666667,91.52287572847109,400.60714285714283,-43.99951369737084,225.0,3.1674209,36.0
2024-09-18,142.46666666666667,0.65955275,4.5116277,0.3549804462847941,2024.0,345.0,False,False,False,False,False,False,True,False,False,False,False,False,False,False,False,False,False,True,False,False,False,346.14285714285717,137.37867774476945,337.76666666666665,106.21308554142396,403.75,-43.15347122632837,281.0,3.7960954,-279.0
2024-09-19,58.73753280839895,0.6603743,4.282511,0.3001187351581052,2024.0,381.0,False,False,False,True,False,False,False,False,False,False,False,False,False,False,False,False,False,True,False,False,False,350.7142857142857,136.10314446795874,338.2,106.21526612790014,403.82142857142856,-15.848451921309065,345.0,4.5116277,36.0
2024-09-20,68.70833333333333,0.67033434,4.339207,0.33726025132275134,2024.0,384.0,True,False,False,False,False,False,False,False,True,False,False,False,False,False,False,False,False,True,False,False,False,354.0,136.24977064200922,341.4,106.00312292081529,402.35714285714283,22.46815039529325,524.0,4.282511,3.0
2024-09-21,148.11144578313252,0.58867556,3.4349594,0.30301204819277106,2024.0,332.0,False,False,False,False,False,False,False,True,False,False,False,False,False,False,False,False,False,True,False,False,False,356.92857142857144,136.43565081453943,343.53333333333336,106.20141350229297,401.74999999999994,-40.50337470123184,320.0,4.339207,-52.0
2024-09-22,110.47151277013752,0.68000257,3.4836066,0.41963842749697366,2024.0,509.0,True,False,True,False,False,False,False,False,False,False,False,False,False,False,False,False,False,True,False,False,False,367.2857142857143,127.7722905866462,344.0,106.1160717782897,404.71428571428567,78.11679904394191,231.0,3.4349594,177.0
2024-09-23,118.22540983606558,0.68491477,4.013889,0.27965619307832423,2024.0,488.0,True,False,False,False,True,False,False,False,False,False,False,False,False,False,False,False,False,True,False,False,False,379.35714285714283,132.87739122552495,345.96666666666664,108.66445770267318,401.9642857142857,35.19932800147085,588.0,3.4836066,-21.0
2024-09-24,74.84027777777777,0.63514894,4.346591,0.2726107804232804,2024.0,288.0,False,False,False,False,False,True,False,False,False,False,False,False,False,False,False,False,False,True,False,False,False,398.35714285714283,127.55729158837907,353.3,110.6270996294025,383.7857142857142,-57.16071060856775,624.0,4.013889,-200.0
2024-09-25,77.79411764705883,0.65220326,4.336735,0.2768039875883013,2024.0,306.0,False,False,False,False,False,False,True,False,False,False,False,False,False,False,False,False,False,True,False,False,False,402.85714285714283,121.95955013090199,348.6666666666667,110.34439295891394,369.3928571428571,-48.06225501011215,345.0,4.346591,18.0
2024-09-26,108.72981366459628,0.65799534,4.3809524,0.3615424430641822,2024.0,322.0,False,False,False,True,False,False,False,False,False,False,False,False,False,False,False,False,False,True,False,False,False,404.64285714285717,120.20854132129519,348.8,110.28846189690996,367.17857142857144,-4.8093592572163955,381.0,4.336735,16.0
2024-09-27,74.01383399209486,0.7005462,3.920765,0.4013553091616333,2024.0,506.0,True,False,False,False,False,False,False,False,True,False,False,False,False,False,False,False,False,True,False,False,False,403.0,121.23911529256225,352.1333333333333,107.8072140549917,368.60714285714283,52.79150946865232,384.0,4.3809524,184.0
2024-09-28,96.46728971962617,0.6262483,3.7317073,0.25272237281583076,2024.0,321.0,False,False,False,False,False,False,False,True,False,False,False,False,False,False,False,False,False,True,False,False,False,401.7142857142857,119.9457752944602,359.5,110.57677937944737,368.3928571428571,-45.833973156830304,332.0,3.920765,-185.0
2024-09-29,71.29712460063898,0.6796792,4.408867,0.36363405852223746,2024.0,313.0,True,False,True,False,False,False,False,False,False,False,False,False,False,False,False,False,False,True,False,False,False,401.7857142857143,119.89365709239642,361.1333333333333,109.59729839777938,360.60714285714283,72.90837562051848,509.0,3.7317073,-8.0
2024-09-30,166.66433566433565,0.6563435,3.4477124,0.4361564361564362,2024.0,429.0,True,False,False,False,True,False,False,False,False,False,False,False,False,False,False,False,False,True,False,False,False,407.64285714285717,112.69537369718147,359.6333333333333,109.94904253345243,348.1428571428571,37.88694704908991,488.0,4.408867,116.0
2024-10-01,68.0,0.62829816,4.5833335,0.3194444444444444,2024.0,274.0,False,False,False,False,False,True,False,False,False,False,False,False,False,False,False,False,False,False,True,False,False,396.2857142857143,100.46999442729111,361.56666666666666,110.66341741525486,340.3928571428571,-43.99951369737084,288.0,3.4477124,-155.0
2024-10-02,81.20890410958904,0.64908665,4.1764708,0.25661013263752985,2024.0,292.0,False,False,False,False,False,False,True,False,False,False,False,False,False,False,False,False,False,False,True,False,False,371.2857142857143,81.13372491560732,354.96666666666664,109.75065260455806,338.1428571428571,-43.15347122632837,306.0,4.5833335,18.0
2024-10-03,60.96774193548387,0.6856887,4.4736843,0.324436763952893,2024.0,372.0,False,False,False,True,False,False,False,False,False,False,False,False,False,False,False,False,False,False,True,False,False,367.5,83.6519805273848,352.5,110.32420874170232,335.17857142857144,-15.848451921309065,322.0,4.1764708,80.0
2024-10-04,132.01847575057738,0.6739529,3.673835,0.4276201473661058,2024.0,433.0,True,False,False,False,False,False,False,False,True,False,False,False,False,False,False,False,False,False,True,False,False,366.85714285714283,83.57480034524386,356.93333333333334,108.25892758705305,328.07142857142856,22.46815039529325,506.0,4.4736843,61.0
2024-10-05,120.96750902527076,0.6166931,4.3513513,0.15345825454128703,2024.0,277.0,False,False,False,False,False,False,False,True,False,False,False,False,False,False,False,False,False,False,True,False,False,370.35714285714283,85.35501169807279,362.0,108.13943744552412,318.4642857142857,-40.50337470123184,321.0,3.673835,-156.0
2024-10-06,82.98843930635839,0.6838853,3.6965811,0.38181943297550236,2024.0,346.0,True,False,True,False,False,False,False,False,False,False,False,False,False,False,False,False,False,False,True,False,False,366.42857142857144,88.4653033121461,360.06666666666666,109.15251377942589,316.75,78.11679904394191,313.0,4.3513513,69.0
2024-10-07,85.88741721854305,0.651898,4.520958,0.3297986965205508,2024.0,302.0,True,False,False,False,True,False,False,False,False,False,False,False,False,False,False,False,False,False,True,False,False,354.7857142857143,78.41328240255582,360.1666666666667,109.13771222581587,315.32142857142856,35.19932800147085,429.0,3.6965811,-44.0
2024-10-08,80.39299610894942,0.6363661,5.0,0.4294669878327466,2024.0,257.0,False,False,False,False,False,True,False,False,False,False,False,False,False,False,False,False,False,False,True,False,False,341.5,69.3383565734565,364.0,104.77825518026452,311.2142857142857,-57.16071060856775,274.0,4.520958,-45.0
2024-10-09,85.87956204379562,0.640685,4.5637584,0.3452670605955277,2024.0,274.0,False,False,False,False,False,False,True,False,False,False,False,False,False,False,False,False,False,False,True,False,False,339.2857142857143,71.63521756513691,361.23333333333335,106.51523554073752,312.0357142857143,-48.06225501011215,292.0,5.0,17.0
2024-10-10,86.46863468634686,0.6650974,4.6753244,0.2453962396766825,2024.0,271.0,False,False,False,True,False,False,False,False,False,False,False,False,False,False,False,False,False,False,True,False,False,337.0,73.27083583947632,362.96666666666664,104.57681002689957,312.1428571428571,-4.8093592572163955,372.0,4.5637584,-3.0
2024-10-11,85.01117318435755,0.6966349,4.529148,0.3220116165646892,2024.0,358.0,True,False,False,False,False,False,False,False,True,False,False,False,False,False,False,False,False,False,True,False,False,333.35714285714283,75.313301657765,364.5,102.80639655397779,307.42857142857144,52.79150946865232,433.0,4.6753244,87.0
2024-10-12,91.47,0.62076,4.6666665,0.18844444444444444,2024.0,200.0,False,False,False,False,False,False,False,True,False,False,False,False,False,False,False,False,False,False,True,False,False,322.7857142857143,57.495389208351966,367.06666666666666,101.60400933350819,303.0357142857143,-45.833973156830304,277.0,4.529148,-158.0
2024-10-13,81.37564766839378,0.6905565,4.3495936,0.45589312817292094,2024.0,386.0,True,False,True,False,False,False,False,False,False,False,False,False,False,False,False,False,False,False,True,False,False,314.14285714285717,66.21742408722453,362.23333333333335,106.04185358924853,305.8928571428571,72.90837562051848,346.0,4.6666665,186.0
2024-10-14,78.3386075949367,0.66928035,4.543147,0.3712326702833032,2024.0,316.0,True,False,False,False,True,False,False,False,False,False,False,False,False,False,False,False,False,False,True,False,False,319.35714285714283,68.93877678821288,357.6333333333333,101.68629356432714,312.71428571428567,37.88694704908991,302.0,4.3495936,-70.0
2024-10-15,53.875,0.65353155,4.375,0.3321224323062558,2024.0,272.0,False,False,False,False,False,True,False,False,False,False,False,False,False,False,False,False,False,False,True,False,False,311.2857142857143,61.30683055359788,357.5,101.73994909267084,317.96428571428567,-43.99951369737084,257.0,4.543147,-44.0
2024-10-16,117.52996845425868,0.65095234,4.0669856,0.28319950291559126,2024.0,317.0,False,False,False,False,False,False,True,False,False,False,False,False,False,False,False,False,False,False,True,False,False,311.14285714285717,61.40265233917672,358.8666666666667,100.24650078451702,316.7857142857143,-43.15347122632837,274.0,4.375,45.0
2024-10-17,130.4257142857143,0.6581845,4.2477875,0.2961904761904762,2024.0,350.0,False,False,False,True,False,False,False,False,False,False,False,False,False,False,False,False,False,False,True,False,False,312.92857142857144,61.16618508458974,349.8333333333333,90.6364786626652,316.8928571428571,-15.848451921309065,271.0,4.0669856,33.0
2024-10-18,130.42105263157896,0.6923988,5.207254,0.23454715219421102,2024.0,323.0,True,False,False,False,False,False,False,False,True,False,False,False,False,False,False,False,False,False,True,False,False,311.35714285714283,59.79916019844803,340.7,74.40900483140432,320.6428571428571,22.46815039529325,358.0,4.2477875,-27.0
2024-10-19,129.54545454545453,0.6002659,4.9013157,0.2963113275613276,2024.0,264.0,False,False,False,False,False,False,False,True,False,False,False,False,False,False,False,False,False,False,True,False,False,303.5,48.80219099747399,339.96666666666664,74.47354695059347,320.1071428571429,-40.50337470123184,200.0,5.207254,-59.0
2024-10-20,125.84054669703872,0.71066403,4.215017,0.38732147376794296,2024.0,439.0,True,False,True,False,False,False,False,False,False,False,False,False,False,False,False,False,False,False,True,False,False,302.57142857142856,49.46438390120067,336.06666666666666,75.30944591270152,329.1071428571428,78.11679904394191,386.0,4.9013157,175.0
2024-10-21,89.895,0.6816902,4.4569287,0.3676578282828283,2024.0,400.0,True,False,False,False,True,False,False,False,False,False,False,False,False,False,False,False,False,False,True,False,False,309.2142857142857,60.711396182049015,337.9,77.1632170724204,346.75,35.19932800147085,316.0,4.215017,-39.0
2024-10-22,58.11437908496732,0.6592356,4.6632123,0.3510711692084241,2024.0,306.0,False,False,False,False,False,True,False,False,False,False,False,False,False,False,False,False,False,False,True,False,False,316.2142857142857,65.29245282269989,340.1666666666667,77.9783715961135,356.07142857142856,-57.16071060856775,272.0,4.4569287,-94.0
2024-10-23,61.286458333333336,0.65503436,5.1282053,0.22995618386243386,2024.0,192.0,False,False,False,False,False,False,True,False,False,False,False,False,False,False,False,False,False,False,True,False,False,319.7142857142857,63.15235371876394,333.4,71.34839243772933,357.2857142857143,-48.06225501011215,317.0,4.6632123,-114.0
2024-10-24,81.83707865168539,0.6789017,4.779412,0.35657883003388624,2024.0,356.0,False,False,False,True,False,False,False,False,False,False,False,False,False,False,False,False,False,False,True,False,False,313.85714285714283,71.0296331907246,323.53333333333336,69.67893528885516,357.10714285714283,-4.8093592572163955,350.0,5.1282053,164.0
2024-10-25,170.4100529100529,0.71634465,4.428571,0.2863567649281935,2024.0,378.0,True,False,False,False,False,False,False,False,True,False,False,False,False,False,False,False,False,False,True,False,False,319.92857142857144,70.71662222802186,325.8,69.58913906538884,358.3928571428571,52.79150946865232,323.0,4.779412,22.0
2024-10-26,79.32727272727273,0.6895921,4.7222223,0.14193755739210284,2024.0,165.0,False,False,False,False,False,False,False,True,False,False,False,False,False,False,False,False,False,False,True,False,False,321.35714285714283,71.73949362140105,328.2,70.12225776800626,359.67857142857144,-45.833973156830304,264.0,4.428571,-213.0
2024-10-27,190.7964338781575,0.7204104,3.014862,0.368973324842567,2024.0,673.0,True,False,True,False,False,False,False,False,False,False,False,False,False,False,False,False,False,False,True,False,False,318.85714285714283,76.73015367843713,322.96666666666664,76.1964264404756,362.96428571428567,72.90837562051848,439.0,4.7222223,508.0
2024-10-28,255.33460803059273,0.71227247,3.75,0.38093651621376284,2024.0,523.0,True,False,False,False,True,False,False,False,False,False,False,False,False,False,False,False,False,False,True,False,False,339.35714285714283,121.39041093979365,328.53333333333336,94.04024572539095,367.5,37.88694704908991,400.0,3.014862,-150.0
2024-10-29,111.66564417177914,0.64339566,4.137056,0.30375158243256406,2024.0,326.0,False,False,False,False,False,True,False,False,False,False,False,False,False,False,False,False,False,False,True,False,False,354.14285714285717,130.58498979760145,335.26666666666665,100.49255705269151,369.8571428571429,-43.99951369737084,306.0,3.75,-197.0
2024-10-30,93.8047138047138,0.6635643,4.640884,0.3191384746940302,2024.0,297.0,False,False,False,False,False,False,True,False,False,False,False,False,False,False,False,False,False,False,True,False,False,358.0,128.75677726748137,335.7,100.42123350134166,375.57142857142856,-43.15347122632837,192.0,4.137056,-29.0
2024-10-31,129.68493150684932,0.6747024,4.2647057,0.26650358773646443,2024.0,365.0,False,False,False,True,False,False,False,False,False,False,False,False,False,False,False,False,False,False,True,False,False,356.57142857142856,129.35622508033035,331.3,99.07508472766024,379.8571428571429,-15.848451921309065,356.0,4.640884,68.0
2024-11-01,120.54651162790698,0.6801837,5.409483,0.2983342561830934,2024.0,344.0,True,False,False,False,False,False,False,False,True,False,False,False,False,False,False,False,False,False,False,True,False,357.64285714285717,129.3597292840383,334.3333333333333,98.65241431700831,385.46428571428567,22.46815039529325,378.0,4.2647057,-21.0
2024-11-02,78.9068100358423,0.6122373,4.438503,0.28150992774648687,2024.0,279.0,False,False,False,False,False,False,False,True,False,False,False,False,False,False,False,False,False,False,False,True,False,359.14285714285717,129.0485043831063,336.06666666666666,98.33929068258514,396.71428571428567,-40.50337470123184,165.0,5.409483,-65.0
2024-11-03,122.51937984496124,0.68750656,4.387755,0.37652270210409744,2024.0,516.0,True,False,True,False,False,False,False,False,False,False,False,False,False,False,False,False,False,False,False,True,False,360.2142857142857,128.25766048282495,332.96666666666664,98.63289069289581,396.2857142857142,78.11679904394191,673.0,4.438503,237.0
2024-11-04,108.53333333333333,0.66367155,4.3811073,0.3738271604938272,2024.0,450.0,True,False,False,False,True,False,False,False,False,False,False,False,False,False,False,False,False,False,False,True,False,365.7142857142857,133.44225404584293,335.73333333333335,102.61912617768296,384.92857142857144,35.19932800147085,523.0,4.387755,-66.0
2024-11-05,88.74844720496894,0.6353053,4.028436,0.36940500838016366,2024.0,322.0,False,False,False,False,False,True,False,False,False,False,False,False,False,False,False,False,False,False,False,True,False,369.2857142857143,135.0893883957692,341.5,104.05560516145775,376.1785714285714,-57.16071060856775,326.0,4.3811073,-128.0
2024-11-06,57.13095238095238,0.6903015,4.7336063,0.47137896825396824,2024.0,336.0,False,False,False,False,False,False,True,False,False,False,False,False,False,False,False,False,False,False,False,True,False,370.42857142857144,134.57952426594647,340.7,104.1120583297397,374.85714285714283,-48.06225501011215,297.0,4.028436,14.0
2024-11-07,83.52710843373494,0.6569223,4.8086123,0.31493593421304267,2024.0,332.0,False,False,False,True,False,False,False,False,False,False,False,False,False,False,False,False,False,False,False,True,False,380.7142857142857,125.05963412673259,341.8333333333333,103.86100902360927,378.7857142857142,-4.8093592572163955,365.0,4.7336063,-4.0
2024-11-08,251.08944543828264,0.6627018,3.673966,0.2530283669818554,2024.0,559.0,True,False,False,False,False,False,False,False,True,False,False,False,False,False,False,False,False,False,False,True,False,379.0,125.58784850576835,344.3333333333333,102.64412351398384,390.35714285714283,52.79150946865232,344.0,4.8086123,227.0
2024-11-09,113.65217391304348,0.61734986,4.2268043,0.3168604342517386,2024.0,299.0,False,False,False,False,False,False,False,True,False,False,False,False,False,False,False,False,False,False,False,True,False,391.92857142857144,134.47874540994613,353.8333333333333,108.907769690002,407.3928571428571,-45.833973156830304,279.0,3.673966,-260.0
2024-11-10,125.21442125237192,0.6762719,3.9731052,0.3976687449173218,2024.0,527.0,True,False,True,False,False,False,False,False,False,False,False,False,False,False,False,False,False,False,False,True,False,401.5,121.1977087876861,354.76666666666665,108.29165069014023,412.96428571428567,72.90837562051848,516.0,4.2268043,228.0
2024-11-11,115.98860398860398,0.6507969,4.380734,0.3715031881698549,2024.0,351.0,True,False,False,False,True,False,False,False,False,False,False,False,False,False,False,False,False,False,False,True,False,391.07142857142856,100.56415042970578,360.4,112.76879000858324,416.82142857142856,37.88694704908991,450.0,3.9731052,-176.0
2024-11-12,57.21739130434783,0.6502758,4.230769,0.33957274609448523,2024.0,253.0,False,False,False,False,False,True,False,False,False,False,False,False,False,False,False,False,False,False,False,True,False,378.7857142857143,93.46260343986985,365.43333333333334,108.65753963503944,425.8928571428571,-43.99951369737084,322.0,4.380734,-98.0
2024-11-13,92.62462462462463,0.6647087,3.9140272,0.3511845178511845,2024.0,333.0,False,False,False,False,False,False,True,False,False,False,False,False,False,False,False,False,False,False,False,True,False,373.57142857142856,98.53286393242308,361.0,110.48732178789568,428.35714285714283,-43.15347122632837,336.0,4.230769,80.0
2024-11-14,168.75854214123007,0.68298423,4.7377625,0.3108580106302202,2024.0,439.0,False,False,False,True,False,False,False,False,False,False,False,False,False,False,False,False,False,False,False,True,False,376.14285714285717,96.8359891321864,361.56666666666666,110.29198968422725,430.85714285714283,-15.848451921309065,332.0,3.9140272,106.0
2024-11-15,170.42087542087543,0.6922869,4.786036,0.44801514422726546,2024.0,594.0,True,False,False,False,False,False,False,False,True,False,False,False,False,False,False,False,False,False,False,True,False,381.42857142857144,98.191112151226,367.1333333333333,109.82893699885649,425.99999999999994,22.46815039529325,559.0,4.7377625,155.0
2024-11-16,343.4505928853755,0.6576899,3.5835693,0.3380132493768857,2024.0,506.0,False,False,False,False,False,False,False,True,False,False,False,False,False,False,False,False,False,False,False,True,False,399.2857142857143,112.54430141157715,376.3666666666667,116.88588107809356,419.74999999999994,-40.50337470123184,299.0,4.786036,-88.0
2024-11-17,199.1505617977528,0.64103997,3.126935,0.31581594435527016,2024.0,445.0,True,False,True,False,False,False,False,False,False,False,False,False,False,False,False,False,False,False,False,True,False,415.5,110.20941604334696,381.56666666666666,119.12111580188035,416.7857142857142,78.11679904394191,527.0,3.5835693,-61.0
2024-11-18,247.62798092209857,0.70649827,3.4696016,0.505507952566776,2024.0,629.0,True,False,False,False,True,False,False,False,False,False,False,False,False,False,False,False,False,False,False,True,False,410.42857142857144,106.81019418771665,385.6333333333333,119.13524141548699,412.6071428571428,35.19932800147085,351.0,3.126935,184.0
2024-11-19,97.23929471032746,0.682873,4.4094486,0.3498295295524515,2024.0,397.0,False,False,False,False,False,True,False,False,False,False,False,False,False,False,False,False,False,False,False,True,False,423.2142857142857,121.60097328268746,397.8,124.78875944073866,415.4285714285714,-57.16071060856775,253.0,3.4696016,-232.0
2024-11-20,106.38484848484849,0.6686521,4.369565,0.2804810004810005,2024.0,330.0,False,False,False,False,False,False,True,False,False,False,False,False,False,False,False,False,False,False,False,True,False,428.57142857142856,118.40914354358554,396.4,124.54596160343402,418.35714285714283,-48.06225501011215,333.0,4.4094486,-67.0
2024-11-21,161.18382352941177,0.68863356,4.1509433,0.33644763460939936,2024.0,408.0,False,False,False,True,False,False,False,False,False,False,False,False,False,False,False,False,False,False,False,True,False,428.14285714285717,118.78024773819688,394.06666666666666,125.13053414220114,416.1785714285714,-4.8093592572163955,439.0,4.369565,78.0
2024-11-22,135.8386167146974,0.6855029,4.7033896,0.37755820868212797,2024.0,347.0,True,False,False,False,False,False,False,False,True,False,False,False,False,False,False,False,False,False,False,True,False,433.57142857142856,115.74621727377092,397.46666666666664,124.03607187603413,410.3928571428571,52.79150946865232,594.0,4.1509433,-61.0
2024-11-23,176.51785714285714,0.61841965,3.8592234,0.22116638321995463,2024.0,336.0,False,False,False,False,False,False,False,True,False,False,False,False,False,False,False,False,False,False,False,True,False,418.42857142857144,111.87748401073199,402.6333333333333,118.27684745409002,405.3928571428571,-45.833973156830304,506.0,4.7033896,-11.0
2024-11-24,134.50368550368552,0.6943877,4.4444447,0.3695865286774378,2024.0,407.0,True,False,True,False,False,False,False,False,False,False,False,False,False,False,False,False,False,False,False,True,False,421.07142857142856,109.24528807702934,401.96666666666664,118.60467029629092,406.1785714285714,72.90837562051848,445.0,3.8592234,71.0
2024-11-25,106.38983050847457,0.6724395,4.2735043,0.36763070576629897,2024.0,354.0,True,False,False,False,True,False,False,False,False,False,False,False,False,False,False,False,False,False,False,True,False,412.5,104.91663357161322,402.93333333333334,118.52074846241848,398.32142857142856,37.88694704908991,629.0,4.4444447,-53.0
2024-11-26,82.29483282674772,0.61548114,4.2619047,0.4271674627297728,2024.0,329.0,False,False,False,False,False,True,False,False,False,False,False,False,False,False,False,False,False,False,False,True,False,412.7142857142857,104.78434158670082,409.23333333333335,110.16591979853563,384.82142857142856,-43.99951369737084,397.0,4.2735043,-25.0
2024-11-27,116.39823008849558,0.6519516,5.0219297,0.3754059771758887,2024.0,339.0,False,False,False,False,False,False,True,False,False,False,False,False,False,False,False,False,False,False,False,True,False,418.14285714285717,97.59559979272252,397.76666666666665,99.11320011371609,380.4285714285714,-43.15347122632837,330.0,4.2619047,10.0
2024-11-28,96.27956989247312,0.6742524,4.7003746,0.32812766683734423,2024.0,372.0,False,False,False,True,False,False,False,False,False,False,False,False,False,False,False,False,False,False,False,True,False,418.57142857142856,97.2053451250459,391.6333333333333,96.76152104025088,379.82142857142856,-15.848451921309065,408.0,5.0219297,33.0
2024-11-29,205.02605210420842,0.69894004,4.508929,0.4664110327436981,2024.0,499.0,True,False,False,False,False,False,False,False,True,False,False,False,False,False,False,False,False,False,False,True,False,413.7857142857143,97.76988569825939,393.1666666666667,96.04743200836877,385.21428571428567,22.46815039529325,347.0,4.7003746,127.0
2024-11-30,156.56832971800435,0.61437654,4.823151,0.3416795785559343,2024.0,461.0,False,False,False,False,False,False,False,True,False,False,False,False,False,False,False,False,False,False,False,True,False,407.0,87.00397868886492,399.9,96.1537382492759,388.46428571428567,-40.50337470123184,336.0,4.508929,-38.0
2024-12-01,148.05859375,0.68754685,4.0947075,0.46528764204545453,2024.0,512.0,True,False,True,False,False,False,False,False,False,False,False,False,False,False,False,False,False,False,False,False,True,403.7857142857143,83.8388367610781,403.1,96.54884416887,389.85714285714283,78.11679904394191,407.0,4.823151,51.0
2024-12-02,142.74561403508773,0.66315323,4.5887446,0.4300171725610322,2024.0,342.0,True,False,False,False,True,False,False,False,False,False,False,False,False,False,False,False,False,False,False,False,True,408.57142857142856,88.17265779377266,408.7,97.86590051064023,394.21428571428567,35.19932800147085,354.0,4.0947075,-170.0
2024-12-03,136.18954248366012,0.6390781,4.8876405,0.39876802572881004,2024.0,306.0,False,False,False,False,False,True,False,False,False,False,False,False,False,False,False,False,False,False,False,False,True,388.07142857142856,62.65100439457049,410.8,95.63738988924517,395.75,-57.16071060856775,329.0,4.5887446,-36.0
2024-12-04,109.69463087248322,0.60326546,4.9734044,0.39925428784489186,2024.0,298.0,False,False,False,False,False,False,True,False,False,False,False,False,False,False,False,False,False,False,False,False,True,381.57142857142856,66.26951298786257,403.8,95.35682533479682,393.92857142857144,-48.06225501011215,339.0,4.8876405,-8.0
2024-12-05,127.8321513002364,0.67906076,4.8371334,0.41738902022589963,2024.0,423.0,False,False,False,True,False,False,False,False,False,False,False,False,False,False,False,False,False,False,False,False,True,379.2857142857143,68.69265840453004,398.73333333333335,96.84396740627898,391.0,-4.8093592572163955,372.0,4.9734044,125.0
2024-12-06,95.17184265010351,0.6884288,4.3304844,0.3710976968740944,2024.0,483.0,True,False,False,False,False,False,False,False,True,False,False,False,False,False,False,False,False,False,False,False,True,380.35714285714283,69.2893677523227,402.1,95.83475361266349,387.8571428571429,52.79150946865232,499.0,4.8371334,60.0
2024-12-07,106.44329896907216,0.63108075,4.2487044,0.3948644520809469,2024.0,291.0,False,False,False,False,False,False,False,True,False,False,False,False,False,False,False,False,False,False,False,False,True,390.07142857142856,73.64933994765612,407.0,96.09621615142089,384.5357142857143,-45.833973156830304,461.0,4.3304844,-192.0
2024-12-08,151.89409368635438,0.65648896,3.8114755,0.42128471211974267,2024.0,491.0,True,False,True,False,False,False,False,False,False,False,False,False,False,False,False,False,False,False,False,False,True,386.85714285714283,77.09220966614545,405.6333333333333,97.48120361111255,380.3571428571429,72.90837562051848,512.0,4.2487044,200.0
2024-12-09,117.06122448979592,0.6194597,3.974359,0.37874554583738257,2024.0,392.0,True,False,False,False,True,False,False,False,False,False,False,False,False,False,False,False,False,False,False,False,True,392.85714285714283,81.89942907930816,403.3666666666667,94.538254739525,380.1428571428571,37.88694704908991,342.0,3.8114755,-99.0
2024-12-10,101.60479041916167,0.6194228,3.7601626,0.34165824195764316,2024.0,334.0,False,False,False,False,False,True,False,False,False,False,False,False,False,False,False,False,False,False,False,False,True,395.57142857142856,81.13873615909144,406.46666666666664,92.50078595503265,384.99999999999994,-43.99951369737084,306.0,3.974359,-58.0
2024-12-11,78.12367491166077,0.6189664,4.3315506,0.3297548937124909,2024.0,283.0,False,False,False,False,False,False,True,False,False,False,False,False,False,False,False,False,False,False,False,False,True,395.92857142857144,80.83360333779248,400.03333333333336,90.51899527583726,390.8571428571428,-43.15347122632837,298.0,3.7601626,-51.0
2024-12-12,147.58381502890174,0.7087717,4.6710525,0.4249997914737799,2024.0,346.0,False,False,False,True,False,False,False,False,False,False,False,False,False,False,False,False,False,False,False,False,True,391.92857142857144,85.13831667958388,397.76666666666665,92.61625809957849,397.0,-15.848451921309065,423.0,4.3315506,63.0
2024-12-13,182.16704805491992,0.69102156,4.612546,0.43945007446151607,2024.0,437.0,True,False,False,False,False,False,False,False,True,False,False,False,False,False,False,False,False,False,False,False,True,390.07142857142856,85.8867450019682,400.8666666666667,89.09302899829972,401.99999999999994,22.46815039529325,483.0,4.6710525,91.0
2024-12-14,124.2953488372093,0.72476447,3.9033458,0.3657511997046881,2024.0,430.0,False,False,False,False,False,False,False,True,False,False,False,False,False,False,False,False,False,False,False,False,True,385.64285714285717,81.31477975493473,404.3333333333333,88.38174773862107,419.10714285714283,-40.50337470123184,291.0,4.612546,-7.0
2024-12-15,155.95305164319248,0.7012021,4.1522493,0.45794548435393506,2024.0,426.0,True,False,True,False,False,False,False,False,False,False,False,False,False,False,False,False,False,False,False,False,True,383.42857142857144,79.50685919680637,404.03333333333336,88.27522920929711,442.32142857142856,78.11679904394191,491.0,3.9033458,-4.0
2024-12-16,131.46919431279622,0.719714,4.372549,0.49571014819829984,2024.0,422.0,True,False,False,False,True,False,False,False,False,False,False,False,False,False,False,False,False,False,False,False,True,377.2857142857143,71.75324015351227,398.43333333333334,80.82278755713433,455.49999999999994,35.19932800147085,392.0,4.1522493,-4.0
2024-12-17,209.27624309392266,0.66664696,4.6621623,0.415772165219679,2024.0,362.0,False,False,False,False,False,True,False,False,False,False,False,False,False,False,False,False,False,False,False,False,True,383.0,71.91233979912454,395.6333333333333,78.38608397489611,455.67857142857144,-57.16071060856775,334.0,4.372549,-60.0
2024-12-18,201.41379310344828,0.66947466,4.5689654,0.4739209476894206,2024.0,406.0,False,False,False,False,False,False,True,False,False,False,False,False,False,False,False,False,False,False,False,False,True,387.0,68.78953408768038,392.8666666666667,78.04761293631854,455.8928571428571,-48.06225501011215,283.0,4.6621623,44.0
2024-12-19,224.76386036960986,0.68774456,4.9686522,0.6117841660962811,2024.0,487.0,False,False,False,True,False,False,False,False,False,False,False,False,False,False,False,False,False,False,False,False,True,394.7142857142857,63.92474971694274,385.43333333333334,64.1677130829733,469.9285714285714,-4.8093592572163955,346.0,4.5689654,81.0
2024-12-20,178.38819320214668,0.7124152,5.107239,0.6320497332125239,2024.0,559.0,True,False,False,False,False,False,False,False,True,False,False,False,False,False,False,False,False,False,False,False,True,399.2857142857143,68.24551669853997,388.43333333333334,66.77790432281516,486.0714285714285,52.79150946865232,437.0,4.9686522,72.0
2024-12-21,214.27809798270894,0.7014686,4.6993318,0.5917689659044126,2024.0,694.0,False,False,False,False,False,False,False,True,False,False,False,False,False,False,False,False,False,False,False,False,True,404.7142857142857,77.77425772603243,396.06666666666666,72.69441629808624,497.8928571428571,-45.833973156830304,430.0,5.107239,135.0
2024-12-22,189.30623306233062,0.7047455,4.324034,0.5582225663526477,2024.0,738.0,True,False,True,False,False,False,False,False,False,False,False,False,False,False,False,False,False,False,False,False,True,433.5,102.95237883454892,405.6,90.8096151676488,506.3928571428571,72.90837562051848,426.0,4.6993318,44.0
2024-12-23,179.1945525291829,0.69978446,5.0,0.5166439267606583,2024.0,514.0,True,False,False,False,True,False,False,False,False,False,False,False,False,False,False,False,False,False,False,False,True,451.14285714285717,130.92737690024268,418.6333333333333,108.45386221746539,509.42857142857144,37.88694704908991,422.0,4.324034,-224.0
2024-12-24,272.2258064516129,0.6329908,4.573643,0.41276058810621025,2024.0,217.0,False,False,False,False,False,True,False,False,False,False,False,False,False,False,False,False,False,False,False,False,True,459.85714285714283,130.74805904890187,424.56666666666666,108.64611433879928,501.5357142857142,-43.99951369737084,362.0,5.0,-297.0
2024-12-25,224.19704433497537,0.7134882,4.469697,0.6255722247101557,2024.0,406.0,False,False,False,False,False,False,True,False,False,False,False,False,False,False,False,False,False,False,False,False,True,451.5,142.6123039249048,418.23333333333335,115.05431500947176,495.7857142857142,-43.15347122632837,406.0,4.573643,189.0
2024-12-26,396.97564935064935,0.6769594,4.4023323,0.5364253621558817,2024.0,616.0,False,False,False,True,False,False,False,False,False,False,False,False,False,False,False,False,False,False,False,False,True,460.2857142857143,135.01990085307358,419.96666666666664,114.44332533024189,500.07142857142856,-15.848451921309065,487.0,4.469697,210.0
2024-12-27,247.5815831987076,0.7000782,5.931232,0.6782688411929123,2024.0,619.0,True,False,False,False,False,False,False,False,True,False,False,False,False,False,False,False,False,False,False,False,True,479.57142857142856,136.7123393708993,429.53333333333336,118.50061351022092,504.0,22.46815039529325,559.0,4.4023323,3.0
2024-12-28,233.73056994818654,0.6618197,4.5751634,0.5109664371322402,2024.0,579.0,False,False,False,False,False,False,False,True,False,False,False,False,False,False,False,False,False,False,False,False,True,492.57142857142856,140.94063905156648,438.8666666666667,122.09626878236128,502.03571428571433,-40.50337470123184,694.0,5.931232,-40.0
2024-12-29,179.89514563106795,0.6732132,4.581818,0.5639522828843218,2024.0,515.0,True,False,True,False,False,False,False,False,False,False,False,False,False,False,False,False,False,False,False,False,True,503.2142857142857,141.4769231366727,445.76666666666665,124.02104474737251,494.85714285714283,78.11679904394191,738.0,4.5751634,-64.0
2024-12-30,247.83492822966508,0.6704744,4.976744,0.46106191788009976,2024.0,418.0,True,False,False,False,True,False,False,False,False,False,False,False,False,False,False,False,False,False,False,False,True,509.57142857142856,139.72925154120006,446.3,124.2919671718497,486.60714285714283,35.19932800147085,514.0,4.581818,-97.0
2024-12-31,357.5103448275862,0.6017055,4.285714,0.2918992884510126,2024.0,145.0,False,False,False,False,False,True,False,False,False,False,False,False,False,False,False,False,False,False,False,False,True,509.2857142857143,139.92604011868886,444.8666666666667,124.36451798376105,491.0,-57.16071060856775,217.0,4.976744,-273.0
2025-01-01,154.4090909090909,0.716416,3.9,0.5487545523259809,2025.0,462.0,False,True,False,False,False,False,True,False,False,True,False,False,False,False,False,False,False,False,False,False,False,493.7857142857143,166.91277250819914,432.6333333333333,135.11846228615323,498.8571428571428,-48.06225501011215,406.0,4.285714,317.0
2025-01-02,348.2268602540835,0.6942755,4.4139194,0.49959669288162933,2025.0,551.0,False,True,False,True,False,False,False,False,False,True,False,False,False,False,False,False,False,False,False,False,False,497.7857142857143,165.3105136827847,436.6333333333333,134.11536036210532,483.07142857142856,-4.8093592572163955,616.0,3.9,89.0
2025-01-03,166.86776859504133,0.7061823,4.8382354,0.4448458612094976,2025.0,605.0,True,True,False,False,False,False,False,False,True,True,False,False,False,False,False,False,False,False,False,False,False,502.35714285714283,165.8732635491319,444.8,133.34358006603648,455.7857142857142,52.79150946865232,619.0,4.4139194,54.0
2025-01-04,171.32377740303542,0.69670385,4.8736463,0.5572218207125459,2025.0,593.0,False,True,False,False,False,False,False,True,False,True,False,False,False,False,False,False,False,False,False,False,False,505.64285714285717,167.52892156412807,455.03333333333336,133.469222419752,432.0,-45.833973156830304,579.0,4.8382354,-12.0
2025-01-05,167.06739811912226,0.71371305,4.8802395,0.555217196596507,2025.0,638.0,True,True,True,False,False,False,False,False,False,True,False,False,False,False,False,False,False,False,False,False,False,498.42857142857144,160.83470458145035,460.7,135.65324709816477,415.5,72.90837562051848,515.0,4.8736463,45.0
2025-01-06,98.36031331592689,0.70903337,4.804469,0.42486012681835134,2025.0,383.0,True,True,False,False,True,False,False,False,False,True,False,False,False,False,False,False,False,False,False,False,False,491.2857142857143,151.31547715410292,465.8666666666667,139.43104421883208,403.3571428571429,37.88694704908991,418.0,4.8802395,-255.0
2025-01-07,124.62845010615712,0.70094204,4.904943,0.39072894550601556,2025.0,471.0,False,True,False,False,False,True,False,False,False,True,False,False,False,False,False,False,False,False,False,False,False,481.92857142857144,153.83230844292535,468.93333333333334,136.43185322611626,399.85714285714283,-43.99951369737084,145.0,4.804469,88.0
2025-01-08,72.60483870967742,0.70277387,4.5812807,0.41072010426849137,2025.0,372.0,False,True,False,False,False,False,True,False,False,True,False,False,False,False,False,False,False,False,False,False,False,500.07142857142856,133.86587103728735,468.26666666666665,136.36915753364713,394.25,-43.15347122632837,462.0,4.904943,-99.0
2025-01-09,79.98076923076923,0.7431707,5.8247423,0.23798076923076922,2025.0,208.0,False,True,False,True,False,False,False,False,False,True,False,False,False,False,False,False,False,False,False,False,False,497.64285714285717,135.99525282600496,467.6,136.8030550173089,376.71428571428567,-15.848451921309065,551.0,4.5812807,-164.0
2025-01-10,43.342205323193916,0.7457859,5.214724,0.45416138572032105,2025.0,263.0,True,True,False,False,False,False,False,False,True,True,False,False,False,False,False,False,False,False,False,False,False,468.5,151.5117411038098,463.4,142.84681933141997,358.17857142857144,22.46815039529325,605.0,5.8247423,55.0
2025-01-11,112.30111524163569,0.7286885,4.962406,0.47635274679884343,2025.0,269.0,False,True,False,False,False,False,False,True,False,True,False,False,False,False,False,False,False,False,False,False,False,443.07142857142856,154.1609869263624,462.73333333333335,143.76152027800612,335.21428571428567,-40.50337470123184,593.0,5.214724,6.0
2025-01-12,85.22865013774104,0.7230991,4.2045455,0.4586011631466177,2025.0,363.0,True,True,True,False,False,False,False,False,False,True,False,False,False,False,False,False,False,False,False,False,False,420.92857142857144,155.39352738015998,460.1666666666667,146.57729121132803,313.1071428571429,78.11679904394191,638.0,4.962406,94.0
2025-01-13,42.68260869565217,0.7381761,4.9590163,0.34468599033816427,2025.0,230.0,True,True,False,False,True,False,False,False,False,True,False,False,False,False,False,False,False,False,False,False,False,410.07142857142856,153.61513561530995,457.7,147.59967993610712,302.07142857142856,35.19932800147085,383.0,4.2045455,-133.0
2025-01-14,25.73191489361702,0.7414553,5.120968,0.34004052684903746,2025.0,235.0,False,True,False,False,False,True,False,False,False,True,False,False,False,False,False,False,False,False,False,False,False,396.64285714285717,160.91259315964928,451.03333333333336,153.30057996006357,292.96428571428567,-57.16071060856775,471.0,4.9590163,5.0
2025-01-15,78.34418604651162,0.63754976,4.7083335,0.34612403100775196,2025.0,215.0,False,True,False,False,False,False,True,False,False,True,False,False,False,False,False,False,False,False,False,False,False,403.07142857142856,151.61513233067643,444.6666666666667,158.26196818791473,280.0357142857143,-48.06225501011215,372.0,5.120968,-20.0
2025-01-16,75.68729641693811,0.6340547,4.7836537,0.3294837627085184,2025.0,307.0,False,True,False,True,False,False,False,False,False,True,False,False,False,False,False,False,False,False,False,False,False,385.42857142857144,158.44762021453184,437.76666666666665,163.70319722476128,274.67857142857144,-4.8093592572163955,208.0,4.7083335,92.0
2025-01-17,77.93333333333334,0.6431291,4.6116505,0.24983164983164982,2025.0,330.0,True,True,False,False,False,False,False,False,True,True,False,False,False,False,False,False,False,False,False,False,False,368.0,152.12798255719832,435.93333333333334,164.88468976694023,277.5,52.79150946865232,263.0,4.7836537,23.0
2025-01-18,89.04,0.5979462,4.897959,0.26012345679012344,2025.0,225.0,False,True,False,False,False,False,False,True,False,True,False,False,False,False,False,False,False,False,False,False,False,348.35714285714283,136.0800709666403,433.4,165.94091179361538,277.8571428571429,-45.833973156830304,269.0,4.6116505,-105.0
2025-01-19,99.83204134366925,0.68980694,4.318182,0.3003650383495345,2025.0,387.0,True,True,True,False,False,False,False,False,False,True,False,False,False,False,False,False,False,False,False,False,False,322.07142857142856,119.75132200054938,424.6666666666667,169.87060660545617,275.10714285714283,72.90837562051848,363.0,4.897959,162.0
2025-01-20,99.00923076923077,0.676684,3.5863874,0.3443589743589744,2025.0,325.0,True,True,False,False,True,False,False,False,False,True,False,False,False,False,False,False,False,False,False,False,False,304.14285714285717,81.49078017019708,418.93333333333334,168.07345137609082,275.71428571428567,37.88694704908991,230.0,4.318182,-62.0
2025-01-21,139.26642335766422,0.6632168,4.366197,0.25344687753446876,2025.0,274.0,False,True,False,False,False,True,False,False,False,True,False,False,False,False,False,False,False,False,False,False,False,300.0,78.59633970729647,406.6333333333333,160.58459653303635,276.5357142857143,-43.99951369737084,235.0,3.5863874,-51.0
2025-01-22,45.76328502415459,0.6455068,4.964029,0.38271604938271603,2025.0,207.0,False,True,False,False,False,False,True,False,False,True,False,False,False,False,False,False,False,False,False,False,False,285.92857142857144,61.3745929464366,391.1666666666667,149.533316166258,279.1785714285714,-43.15347122632837,215.0,4.366197,-67.0
2025-01-23,42.65919282511211,0.64494526,5.0793653,0.32369207772795217,2025.0,223.0,False,True,False,True,False,False,False,False,False,True,False,False,False,False,False,False,False,False,False,False,False,274.14285714285717,59.38512782333239,380.93333333333334,151.33131802800065,283.17857142857144,-15.848451921309065,307.0,4.964029,16.0
2025-01-24,68.94189602446484,0.67341495,4.413265,0.3007521700182251,2025.0,327.0,True,True,False,False,False,False,False,False,True,True,False,False,False,False,False,False,False,False,False,False,False,275.2142857142857,58.223942433741065,381.1333333333333,151.1109967319826,287.21428571428567,22.46815039529325,330.0,5.0793653,104.0
2025-01-25,91.48372093023256,0.5949581,4.742647,0.23914728682170544,2025.0,215.0,False,True,False,False,False,False,False,True,False,True,False,False,False,False,False,False,False,False,False,False,False,279.7857142857143,59.6853010785343,378.5,151.35087117983983,289.6428571428571,-40.50337470123184,225.0,4.413265,-112.0
2025-01-26,172.72941176470587,0.68490297,3.3982685,0.3757204396910279,2025.0,340.0,True,True,True,False,False,False,False,False,False,True,False,False,False,False,False,False,False,False,False,False,False,275.92857142857144,62.130711204084854,365.1333333333333,147.30585898719016,281.7857142857143,78.11679904394191,387.0,4.742647,125.0
2025-01-27,102.07037037037037,0.68951666,4.522472,0.34344503233392126,2025.0,270.0,True,True,False,False,True,False,False,False,False,True,False,False,False,False,False,False,False,False,False,False,False,274.2857142857143,59.91587509093235,355.8333333333333,139.31608401174557,276.32142857142856,35.19932800147085,325.0,3.3982685,-70.0
2025-01-28,48.11467889908257,0.6618284,4.717742,0.15583588175331295,2025.0,218.0,False,True,False,False,False,True,False,False,False,True,False,False,False,False,False,False,False,False,False,False,False,277.14285714285717,58.58046030606495,345.53333333333336,133.55116114687323,276.07142857142856,-57.16071060856775,274.0,4.522472,-52.0
2025-01-29,97.82352941176471,0.6498137,4.810811,0.5863289760348583,2025.0,306.0,False,True,False,False,False,False,True,False,False,True,False,False,False,False,False,False,False,False,False,False,False,275.92857142857144,59.686958098340774,335.6333333333333,131.5487279151414,273.3928571428571,-48.06225501011215,207.0,4.717742,88.0
2025-01-30,39.545731707317074,0.729471,4.65368,0.42011469221835074,2025.0,328.0,False,True,False,True,False,False,False,False,False,True,False,False,False,False,False,False,False,False,False,False,False,282.42857142857144,57.45461658590274,331.9,130.717212543614,273.07142857142856,-4.8093592572163955,223.0,4.810811,22.0
2025-01-31,86.45023696682465,0.72589856,4.7609563,0.2792942400762306,2025.0,422.0,True,True,False,False,False,False,False,False,True,True,False,False,False,False,False,False,False,False,False,False,False,283.92857142857144,58.41162198071294,338.0,125.87486944827643,272.35714285714283,52.79150946865232,327.0,4.65368,94.0
2025-02-01,116.1542288557214,0.70257366,5.0,0.16956882255389719,2025.0,201.0,False,False,False,False,False,False,False,True,False,False,True,False,False,False,False,False,False,False,False,False,False,290.5,68.32698532115295,336.6666666666667,124.72268088217446,271.35714285714283,-45.833973156830304,215.0,4.7609563,-221.0
2025-02-02,151.54450261780104,0.6311199,3.952381,0.195123133604809,2025.0,191.0,True,False,True,False,False,False,False,False,False,False,True,False,False,False,False,False,False,False,False,False,False,288.7857142857143,70.36736412617756,325.0,120.27267869877706,270.0357142857143,72.90837562051848,340.0,5.0,-10.0
2025-02-03,71.52717391304348,0.7433783,4.5306125,0.3470895549699898,2025.0,368.0,True,False,False,False,True,False,False,False,False,False,True,False,False,False,False,False,False,False,False,False,False,274.7857142857143,68.80426928997643,311.2,110.38221995755734,263.85714285714283,37.88694704908991,270.0,3.952381,177.0
2025-02-04,54.013392857142854,0.7106527,4.6311474,0.24503968253968253,2025.0,224.0,False,False,False,False,False,True,False,False,False,False,True,False,False,False,False,False,False,False,False,False,False,277.85714285714283,72.09913809669182,303.7,97.4626895897549,256.85714285714283,-43.99951369737084,218.0,4.5306125,-144.0
2025-02-05,54.065934065934066,0.6571566,4.9,0.19235856735856735,2025.0,182.0,False,False,False,False,False,False,True,False,False,False,True,False,False,False,False,False,False,False,False,False,False,274.2857142857143,73.5290926948483,289.9,75.28170084926732,250.35714285714283,-43.15347122632837,306.0,4.6311474,-42.0
2025-02-06,79.5439330543933,0.61409914,4.5289855,0.28508113612716124,2025.0,239.0,False,False,False,True,False,False,False,False,False,False,True,False,False,False,False,False,False,False,False,False,False,272.5,75.56428745420457,283.2,75.65365729473311,243.1428571428571,-15.848451921309065,328.0,4.9,57.0
2025-02-07,68.84192439862542,0.66786116,5.030303,0.3151330024182258,2025.0,291.0,True,False,False,False,False,False,False,False,True,False,True,False,False,False,False,False,False,False,False,False,False,273.64285714285717,74.87590466165481,275.46666666666664,67.17744558557031,233.85714285714283,22.46815039529325,422.0,4.5289855,52.0
2025-02-08,71.33632286995515,0.6114426,4.4,0.3911310413552566,2025.0,223.0,False,False,False,False,False,False,False,True,False,False,True,False,False,False,False,False,False,False,False,False,False,271.07142857142856,73.50820392280147,272.76666666666665,64.7476178943169,227.8928571428571,-40.50337470123184,201.0,5.030303,-68.0
2025-02-09,50.9728813559322,0.66497153,3.994709,0.37438615370818756,2025.0,295.0,True,False,True,False,False,False,False,False,False,False,True,False,False,False,False,False,False,False,False,False,False,271.64285714285717,73.06857384345615,273.26666666666665,64.2864995390826,236.10714285714283,78.11679904394191,191.0,4.4,72.0
2025-02-10,128.64788732394365,0.57121474,4.3,0.39162754303599373,2025.0,142.0,True,False,False,False,True,False,False,False,False,False,True,False,False,False,False,False,False,False,False,False,False,268.42857142857144,70.7843032205425,274.3333333333333,64.3756932782664,241.53571428571428,35.19932800147085,368.0,3.994709,-153.0
2025-02-11,51.766666666666666,0.67006665,4.214286,0.22820987654320987,2025.0,150.0,False,False,False,False,False,True,False,False,False,False,True,False,False,False,False,False,False,False,False,False,False,259.2857142857143,78.42039429739154,270.1,68.76464107423908,241.03571428571428,-57.16071060856775,224.0,4.3,8.0
2025-02-12,60.447916666666664,0.635676,4.957265,0.2890625,2025.0,192.0,False,False,False,False,False,False,True,False,False,False,True,False,False,False,False,False,False,False,False,False,False,254.42857142857142,83.13817440836766,263.0,69.82984244971264,246.3928571428571,-48.06225501011215,182.0,4.214286,42.0
2025-02-13,58.358333333333334,0.6016846,4.903226,0.2779513888888889,2025.0,240.0,False,False,False,True,False,False,False,False,False,False,True,False,False,False,False,False,False,False,False,False,False,246.28571428571428,83.28119980979115,261.73333333333335,70.78716683485582,253.96428571428572,-4.8093592572163955,239.0,4.957265,48.0
2025-02-14,89.98,0.6719048,5.5136986,0.29644444444444445,2025.0,250.0,True,False,False,False,False,False,False,False,True,False,True,False,False,False,False,False,False,False,False,False,False,240.0,79.89127226809883,261.9,70.7279147934848,261.2857142857142,52.79150946865232,291.0,4.903226,10.0
2025-02-15,51.320388349514566,0.61149126,4.5555553,0.2719795037756203,2025.0,206.0,False,False,False,False,False,False,False,True,False,False,True,False,False,False,False,False,False,False,False,False,False,227.71428571428572,60.66101088638691,263.06666666666666,70.21441709375686,265.3571428571428,-45.833973156830304,223.0,5.5136986,-44.0
2025-02-16,87.08653846153847,0.7094976,4.548387,0.5602742165242165,2025.0,416.0,True,False,True,False,False,False,False,False,False,False,True,False,False,False,False,False,False,False,False,False,False,228.07142857142858,60.506152625122475,259.7,70.45622265169197,268.07142857142856,72.90837562051848,295.0,4.5555553,210.0
2025-02-17,56.96610169491525,0.673419,4.935065,0.2773491166711506,2025.0,295.0,True,False,False,False,True,False,False,False,False,False,True,False,False,False,False,False,False,False,False,False,False,244.14285714285714,77.41979188698643,262.56666666666666,75.01709383744519,277.2857142857143,37.88694704908991,142.0,4.548387,-121.0
2025-02-18,52.87632508833922,0.6428894,4.6666665,0.5065903864490438,2025.0,283.0,False,False,False,False,False,True,False,False,False,False,True,False,False,False,False,False,False,False,False,False,False,238.92857142857142,70.5935977547267,264.9,74.8968716256581,287.57142857142856,-43.99951369737084,150.0,4.935065,-12.0
2025-02-19,47.59340659340659,0.63006556,4.6010637,0.3336385836385836,2025.0,273.0,False,False,False,False,False,False,True,False,False,False,True,False,False,False,False,False,False,False,False,False,False,243.14285714285714,71.39042937672751,261.43333333333334,71.3745261876092,294.2857142857143,-43.15347122632837,192.0,4.6666665,-10.0
2025-02-20,82.90277777777777,0.6752611,4.8253274,0.43283656672545556,2025.0,360.0,False,False,False,True,False,False,False,False,False,False,True,False,False,False,False,False,False,False,False,False,False,249.64285714285714,69.51326065286767,259.7,70.40236575178594,302.6428571428571,-15.848451921309065,240.0,4.6010637,87.0
2025-02-21,107.448,0.70651627,4.979424,0.4065481481481481,2025.0,375.0,True,False,False,False,False,False,False,False,True,False,True,False,False,False,False,False,False,False,False,False,False,258.2857142857143,75.36417080920056,262.56666666666666,72.7175372924924,313.60714285714283,22.46815039529325,250.0,4.8253274,15.0
2025-02-22,102.58498023715416,0.61911577,4.6979866,0.2870503453507406,2025.0,253.0,False,False,False,False,False,False,False,True,False,False,True,False,False,False,False,False,False,False,False,False,False,264.2857142857143,81.28054793446947,268.1666666666667,74.73174247489011,320.82142857142856,-40.50337470123184,206.0,4.979424,-122.0
2025-02-23,77.73900293255132,0.6995416,4.342723,0.303288012085666,2025.0,341.0,True,False,True,False,False,False,False,False,False,False,True,False,False,False,False,False,False,False,False,False,False,266.42857142857144,80.50008531836382,269.1666666666667,74.30602302284267,320.2857142857142,78.11679904394191,416.0,4.6979866,88.0
2025-02-24,89.74293785310735,0.69615054,4.3438916,0.35202896601201683,2025.0,354.0,True,False,False,False,True,False,False,False,False,False,True,False,False,False,False,False,False,False,False,False,False,269.7142857142857,82.66561797751538,269.6333333333333,74.72454396825937,320.5,35.19932800147085,295.0,4.342723,13.0
2025-02-25,72.88495575221239,0.64629465,4.290323,0.331243854473943,2025.0,226.0,False,False,False,False,False,True,False,False,False,False,True,False,False,False,False,False,False,False,False,False,False,284.85714285714283,76.67098251907093,274.26666666666665,75.52525648957472,320.67857142857144,-57.16071060856775,283.0,4.3438916,-128.0
2025-02-26,57.838815789473685,0.67834044,4.0851064,0.27799098440545805,2025.0,304.0,False,False,False,False,False,False,True,False,False,False,True,False,False,False,False,False,False,False,False,False,False,290.2857142857143,68.66017608643237,270.46666666666664,74.96975635425295,316.25,-48.06225501011215,273.0,4.290323,78.0
2025-02-27,43.629834254143645,0.7210152,4.288793,0.3892214037241662,2025.0,362.0,False,False,False,True,False,False,False,False,False,False,True,False,False,False,False,False,False,False,False,False,False,298.2857142857143,62.58339491176104,271.6,75.219036475322,309.5,-4.8093592572163955,360.0,4.0851064,58.0
2025-02-28,79.75402298850575,0.7183508,4.55516,0.37576233047497415,2025.0,435.0,True,False,False,False,False,False,False,False,True,False,True,False,False,False,False,False,False,False,False,False,False,307.0,62.336555517980564,276.4,76.26794870717289,303.46428571428567,52.79150946865232,375.0,4.288793,73.0
2025-03-01,110.85201793721973,0.64718163,4.9166665,0.3458312572662348,2025.0,223.0,False,True,False,False,False,False,False,True,False,False,False,True,False,False,False,False,False,False,False,False,False,320.2142857142857,68.61618845929463,280.7,81.45451449142912,297.74999999999994,-45.833973156830304,253.0,4.55516,-212.0
2025-03-02,99.17447916666667,0.71077967,4.6139708,0.44808545524691357,2025.0,384.0,True,True,True,False,False,False,False,False,False,False,False,True,False,False,False,False,False,False,False,False,False,321.42857142857144,66.55907068243975,277.2,81.60772444845603,291.21428571428567,72.90837562051848,341.0,4.9166665,161.0
2025-03-03,73.12912912912913,0.727494,4.380734,0.44711378044711375,2025.0,333.0,True,True,False,False,True,False,False,False,False,False,False,True,False,False,False,False,False,False,False,False,False,319.14285714285717,63.54266542780882,275.93333333333334,79.55173260790426,283.3571428571429,37.88694704908991,354.0,4.6139708,-51.0
2025-03-04,84.904,0.64863956,4.6153846,0.2733111111111111,2025.0,250.0,False,True,False,False,False,True,False,False,False,False,False,True,False,False,False,False,False,False,False,False,False,321.85714285714283,63.242946876868814,280.3333333333333,78.91214378523475,278.0357142857143,-43.99951369737084,226.0,4.380734,-83.0
2025-03-05,66.12087912087912,0.68351704,5.0877194,0.40430402930402937,2025.0,182.0,False,True,False,False,False,False,True,False,False,False,False,True,False,False,False,False,False,False,False,False,False,319.5,65.3814252615442,282.3,77.32829700207637,276.0,-43.15347122632837,304.0,4.6153846,-68.0
2025-03-06,69.55343511450381,0.69663286,5.408163,0.3230491942324003,2025.0,262.0,False,True,False,True,False,False,False,False,False,False,False,True,False,False,False,False,False,False,False,False,False,313.0,74.2780638495033,276.1,77.67587385610992,276.4285714285714,-15.848451921309065,362.0,5.0877194,80.0
2025-03-07,128.82565789473685,0.7250105,4.8655915,0.4705774853801169,2025.0,304.0,True,True,False,False,False,False,False,False,True,False,False,True,False,False,False,False,False,False,False,False,False,306.0,74.12567291172135,277.3666666666667,77.10471309595252,281.1785714285714,22.46815039529325,435.0,5.408163,42.0
2025-03-08,72.26829268292683,0.7030494,4.0,0.27088979223125564,2025.0,164.0,False,True,False,False,False,False,False,True,False,False,False,True,False,False,False,False,False,False,False,False,False,300.92857142857144,71.4212468772047,281.43333333333334,75.09244111522565,287.6071428571429,-40.50337470123184,223.0,4.8655915,-140.0
2025-03-09,52.21052631578947,0.73932916,4.715447,0.5463016515648094,2025.0,247.0,True,True,True,False,False,False,False,False,False,False,False,True,False,False,False,False,False,False,False,False,False,294.57142857142856,79.51750101099181,278.93333333333334,77.75511218733033,286.32142857142856,78.11679904394191,384.0,4.0,83.0
2025-03-10,62.98684210526316,0.73785836,4.8913045,0.3897823261858349,2025.0,228.0,True,True,False,False,True,False,False,False,False,False,False,True,False,False,False,False,False,False,False,False,False,287.85714285714283,79.26378273049657,277.46666666666664,77.93442572216487,287.2857142857143,35.19932800147085,333.0,4.715447,-19.0
2025-03-11,50.995073891625616,0.67796797,5.0,0.4902846195949644,2025.0,203.0,False,True,False,False,False,True,False,False,False,False,False,True,False,False,False,False,False,False,False,False,False,278.85714285714283,78.32364525859046,277.6333333333333,77.81919067159184,293.82142857142856,-57.16071060856775,250.0,4.8913045,-25.0
2025-03-12,49.77777777777778,0.72894704,4.6449704,0.4987311385459534,2025.0,270.0,False,True,False,False,False,False,True,False,False,False,False,True,False,False,False,False,False,False,False,False,False,277.2142857142857,79.7459220770078,274.56666666666666,78.91622941048168,295.5357142857143,-48.06225501011215,182.0,5.0,67.0
2025-03-13,91.25490196078431,0.7319954,4.890909,0.4888435003631082,2025.0,408.0,False,True,False,True,False,False,False,False,False,False,False,True,False,False,False,False,False,False,False,False,False,274.7857142857143,79.38434119128115,278.8333333333333,74.8576042866734,298.96428571428567,-4.8093592572163955,262.0,4.6449704,138.0
2025-03-14,105.37547892720306,0.7533127,5.3276353,0.4071692108090575,2025.0,522.0,True,True,False,False,False,False,False,False,True,False,False,True,False,False,False,False,False,False,False,False,False,278.07142857142856,84.0846316203228,287.43333333333334,74.3647503320893,302.92857142857144,52.79150946865232,304.0,4.890909,114.0
2025-03-15,97.72151898734177,0.7539583,4.3835616,0.30242030004688236,2025.0,316.0,False,True,False,False,False,False,False,True,False,False,False,True,False,False,False,False,False,False,False,False,False,284.2857142857143,98.54591165186315,298.43333333333334,83.5953650477777,311.60714285714283,-45.833973156830304,164.0,5.3276353,-206.0
2025-03-16,157.2,0.71547174,3.2258065,0.5092592592592593,2025.0,255.0,True,True,True,False,False,False,False,False,False,False,False,True,False,False,False,False,False,False,False,False,False,290.92857142857144,97.22255538055657,300.96666666666664,82.912285738826,324.60714285714283,72.90837562051848,247.0,4.3835616,-61.0
2025-03-17,84.95910020449898,0.76594394,4.281437,0.45756646216768915,2025.0,489.0,True,True,False,False,True,False,False,False,False,False,False,True,False,False,False,False,False,False,False,False,False,281.7142857142857,93.7750406118726,301.1333333333333,82.81126582250984,337.3928571428571,37.88694704908991,228.0,3.2258065,234.0
2025-03-18,59.92057761732852,0.74729383,5.0955415,0.44012377514182566,2025.0,277.0,False,True,False,False,False,True,False,False,False,False,False,True,False,False,False,False,False,False,False,False,False,292.85714285714283,108.45690894959718,310.56666666666666,87.58195505111003,347.46428571428567,-43.99951369737084,203.0,4.281437,-212.0
2025-03-19,58.68472906403941,0.7166236,5.0,0.39659082023614045,2025.0,203.0,False,True,False,False,False,False,True,False,False,False,False,True,False,False,False,False,False,False,False,False,False,294.7857142857143,107.87469837478417,305.93333333333334,85.46301209752413,350.8571428571429,-43.15347122632837,270.0,5.0955415,-74.0
2025-03-20,80.04451038575668,0.71166974,4.2473116,0.4649152968144066,2025.0,337.0,False,True,False,True,False,False,False,False,False,False,False,True,False,False,False,False,False,False,False,False,False,296.2857142857143,106.32058095244801,302.8666666666667,87.49531350339525,349.0,-15.848451921309065,408.0,5.0,134.0
2025-03-21,84.37941176470588,0.7417659,4.94382,0.44174836601307194,2025.0,340.0,True,True,False,False,False,False,False,False,True,False,False,True,False,False,False,False,False,False,False,False,False,301.64285714285717,106.34964622765497,304.6666666666667,87.62787044177706,341.75,22.46815039529325,522.0,4.2473116,3.0
2025-03-22,79.15633423180593,0.64604634,4.5974574,0.40419073289693236,2025.0,371.0,False,True,False,False,False,False,False,True,False,False,False,True,False,False,False,False,False,False,False,False,False,304.2142857142857,106.84509172804215,306.9,87.64676361631238,340.82142857142856,-40.50337470123184,316.0,4.94382,31.0
2025-03-23,110.54207920792079,0.74270546,4.245283,0.47295562889622295,2025.0,404.0,True,True,True,False,False,False,False,False,False,False,False,True,False,False,False,False,False,False,False,False,False,319.0,100.05613808872938,307.26666666666665,87.89921082903852,352.8928571428571,78.11679904394191,255.0,4.5974574,33.0
2025-03-24,110.95804195804196,0.7465294,4.4074073,0.48864715531382197,2025.0,429.0,True,True,False,False,True,False,False,False,False,False,False,True,False,False,False,False,False,False,False,False,False,330.2142857142857,100.1638492835455,308.23333333333335,88.82438440185084,354.9642857142857,35.19932800147085,489.0,4.245283,25.0
2025-03-25,28.510563380281692,0.64521515,4.7883596,0.4502477829942619,2025.0,284.0,False,True,False,False,False,True,False,False,False,False,False,True,False,False,False,False,False,False,False,False,False,344.57142857142856,98.78158835431992,314.1,90.8398932567432,348.35714285714283,-57.16071060856775,277.0,4.4074073,-145.0
2025-03-26,92.70070422535211,0.6243665,4.108108,0.4632237871674492,2025.0,284.0,False,True,False,False,False,False,True,False,False,False,False,True,False,False,False,False,False,False,False,False,False,350.35714285714283,91.99047370650598,312.2,90.85395632172707,350.2142857142857,-48.06225501011215,203.0,4.7883596,0.0
2025-03-27,81.2046783625731,0.6349795,4.3913045,0.4241119774745506,2025.0,342.0,False,True,False,True,False,False,False,False,False,False,False,True,False,False,False,False,False,False,False,False,False,351.35714285714283,91.12173357476493,309.8666666666667,90.64205210163409,359.2857142857143,-4.8093592572163955,337.0,4.108108,58.0
2025-03-28,95.74805194805195,0.7476377,4.2941175,0.5240232254517968,2025.0,385.0,True,True,False,False,False,False,False,False,True,False,False,True,False,False,False,False,False,False,False,False,False,346.64285714285717,89.6614205200344,313.73333333333335,89.40683200514012,368.3928571428571,52.79150946865232,340.0,4.3913045,43.0
2025-03-29,72.1311475409836,0.6390033,4.440994,0.4045016913869373,2025.0,427.0,False,True,False,False,False,False,False,True,False,False,False,True,False,False,False,False,False,False,False,False,False,336.85714285714283,75.391141229088,316.43333333333334,90.32114478571584,369.57142857142856,-45.833973156830304,371.0,4.2941175,42.0
2025-03-30,65.49585062240664,0.74480397,4.527687,0.4089057937605655,2025.0,482.0,True,True,True,False,False,False,False,False,False,False,False,True,False,False,False,False,False,False,False,False,False,344.7857142857143,78.78908414380696,318.6,92.21175031714596,369.67857142857144,72.90837562051848,404.0,4.440994,55.0
2025-03-31,60.728125,0.7695116,4.08377,0.5033854166666667,2025.0,320.0,True,True,False,False,True,False,False,False,False,False,False,True,False,False,False,False,False,False,False,False,False,361.0,82.17523489938645,320.1666666666667,94.62524389194004,368.92857142857144,37.88694704908991,429.0,4.527687,-162.0
2025-04-01,49.64750957854406,0.63138777,4.8235292,0.47498935717326524,2025.0,261.0,False,True,False,False,False,True,False,False,False,False,False,False,True,False,False,False,False,False,False,False,False,348.92857142857144,73.9245605961968,323.4,92.83080642054985,365.46428571428567,-43.99951369737084,284.0,4.08377,-59.0
2025-04-02,56.715867158671585,0.61385834,4.6153846,0.4766639333059997,2025.0,271.0,False,True,False,False,False,False,True,False,False,False,False,False,True,False,False,False,False,False,False,False,False,347.7857142857143,75.23417653355045,319.3,92.77824878858085,363.46428571428567,-43.15347122632837,284.0,4.8235292,10.0
2025-04-03,70.88910133843213,0.6660155,4.52957,0.44242617378372634,2025.0,523.0,False,True,False,True,False,False,False,False,False,False,False,False,True,False,False,False,False,False,False,False,False,352.64285714285717,66.90131324784161,317.23333333333335,93.1523347601353,363.0,-15.848451921309065,342.0,4.6153846,252.0
2025-04-04,62.32029339853301,0.7822252,4.319853,0.5439418636240152,2025.0,409.0,True,True,False,False,False,False,False,False,True,False,False,False,True,False,False,False,False,False,False,False,False,365.92857142857144,80.61824978131382,326.3333333333333,99.47771655981035,365.8928571428571,22.46815039529325,385.0,4.52957,-114.0
2025-04-05,97.97910447761194,0.6002275,4.1435184,0.47048092868988395,2025.0,335.0,False,True,False,False,False,False,False,True,False,False,False,False,True,False,False,False,False,False,False,False,False,370.85714285714283,81.01933021280772,333.9,96.7154910389049,364.25,-40.50337470123184,427.0,4.319853,-74.0
2025-04-06,70.66817155756208,0.76766455,4.266467,0.5685047834032033,2025.0,443.0,True,True,True,False,False,False,False,False,False,False,False,False,True,False,False,False,False,False,False,False,False,368.2857142857143,81.58377343511512,336.3333333333333,95.75771629422351,366.35714285714283,78.11679904394191,482.0,4.1435184,108.0
2025-04-07,124.67750677506776,0.7607601,3.6382115,0.5051942186088527,2025.0,369.0,True,True,False,False,True,False,False,False,False,False,False,False,True,False,False,False,False,False,False,False,False,371.07142857142856,83.53945570412084,340.96666666666664,97.48650952942067,379.71428571428567,35.19932800147085,320.0,4.266467,-74.0
2025-04-08,65.46153846153847,0.607947,4.901961,0.5442730758520232,2025.0,247.0,False,True,False,False,False,True,False,False,False,False,False,False,True,False,False,False,False,False,False,False,False,366.7857142857143,81.86121329273315,347.8,91.66520792987669,396.9285714285714,-57.16071060856775,261.0,3.6382115,-122.0
2025-04-09,56.490566037735846,0.61493665,4.4262295,0.4286512928022362,2025.0,265.0,False,True,False,False,False,False,True,False,False,False,False,False,True,False,False,False,False,False,False,False,False,364.14285714285717,85.26597043537252,347.8,91.66520792987669,416.17857142857144,-48.06225501011215,271.0,4.901961,18.0
2025-04-10,56.39942528735632,0.6661793,5.2252254,0.5013569604086846,2025.0,348.0,False,True,False,True,False,False,False,False,False,False,False,False,True,False,False,False,False,False,False,False,False,362.7857142857143,86.77750379467753,349.03333333333336,90.23550923243423,421.10714285714283,-4.8093592572163955,523.0,4.4262295,83.0
2025-04-11,131.65,0.73311657,5.0,0.5722332015810278,2025.0,460.0,True,True,False,False,False,False,False,False,True,False,False,False,True,False,False,False,False,False,False,False,False,363.2142857142857,86.681715374235,353.8666666666667,85.92407768743708,410.3928571428571,52.79150946865232,409.0,5.2252254,112.0
2025-04-12,99.65686274509804,0.6672552,5.1644735,0.3898744683058409,2025.0,306.0,False,True,False,False,False,False,False,True,False,False,False,False,True,False,False,False,False,False,False,False,False,368.57142857142856,90.37078687761455,360.2,86.52940500797648,409.32142857142856,-45.833973156830304,335.0,5.0,-154.0
2025-04-13,105.70090634441088,0.7242876,3.482385,0.508785306670503,2025.0,662.0,True,True,True,False,False,False,False,False,False,False,False,False,True,False,False,False,False,False,False,False,False,359.92857142857144,90.13875140856241,356.8,86.5903554396929,436.60714285714283,72.90837562051848,443.0,5.1644735,356.0
2025-04-14,121.44163424124514,0.7213634,4.095563,0.5900387046301444,2025.0,514.0,True,True,False,False,True,False,False,False,False,False,False,False,True,False,False,False,False,False,False,False,False,372.7857142857143,117.55730424018701,361.46666666666664,98.72313544080895,465.75,37.88694704908991,369.0,3.482385,-148.0
2025-04-15,267.12932604735886,0.63992333,4.2114697,0.6682522597823144,2025.0,549.0,False,True,False,False,False,True,False,False,False,False,False,False,True,False,False,False,False,False,False,False,False,386.64285714285717,122.19883364850524,368.06666666666666,102.13815300293282,474.67857142857144,-43.99951369737084,247.0,4.095563,35.0
2025-04-16,169.9463601532567,0.6925703,4.6232877,0.558109833971903,2025.0,522.0,False,True,False,False,False,False,True,False,False,False,False,False,True,False,False,False,False,False,False,False,False,407.2142857142857,123.65347273199178,377.8666666666667,104.98037035998436,478.75,-43.15347122632837,265.0,4.2114697,-27.0
2025-04-17,151.28048780487805,0.6952024,4.4323144,0.5646201855957954,2025.0,410.0,False,True,False,True,False,False,False,False,False,False,False,False,True,False,False,False,False,False,False,False,False,425.14285714285717,120.54163477523372,378.96666666666664,106.3489647286259,481.8571428571429,-15.848451921309065,348.0,4.6232877,-112.0
2025-04-18,82.03153153153153,0.72681576,4.92,0.4207957957957958,2025.0,222.0,True,True,False,False,False,False,False,False,True,False,False,False,True,False,False,False,False,False,False,False,False,417.07142857142856,117.22264436382788,383.4,104.71129438801592,477.9642857142857,22.46815039529325,460.0,4.4323144,-188.0
2025-04-19,324.1849593495935,0.635953,2.7732794,0.6149659095797307,2025.0,492.0,False,True,False,False,False,False,False,True,False,False,False,False,True,False,False,False,False,False,False,False,False,403.7142857142857,128.33995035507445,384.03333333333336,103.63446482155692,479.42857142857144,-40.50337470123184,306.0,4.92,270.0
2025-04-20,143.0752380952381,0.747056,4.028777,0.6172595112118922,2025.0,1050.0,True,True,True,False,False,False,False,False,False,False,False,False,True,False,False,False,False,False,False,False,False,414.92857142857144,128.73255776442704,389.2,105.06267423419852,490.57142857142856,78.11679904394191,662.0,2.7732794,558.0
2025-04-21,113.47923875432527,0.72419256,4.3465047,0.6732772193844858,2025.0,578.0,True,True,False,False,True,False,False,False,False,False,False,False,True,False,False,False,False,False,False,False,False,458.2857142857143,213.33376831457514,412.8666666666667,159.47537553584502,499.0357142857142,35.19932800147085,514.0,4.028777,-472.0
2025-04-22,102.39236111111111,0.661066,4.6296296,0.4246784979423868,2025.0,288.0,False,True,False,False,False,True,False,False,False,False,False,False,True,False,False,False,False,False,False,False,False,473.2142857142857,213.9170143092623,419.76666666666665,162.05867037489264,493.6428571428571,-57.16071060856775,549.0,4.3465047,-290.0
2025-04-23,33.31656804733728,0.72102606,4.79021,0.5190061363138286,2025.0,338.0,False,True,False,False,False,False,True,False,False,False,False,False,True,False,False,False,False,False,False,False,False,476.14285714285717,210.8403906505356,415.9,163.82209652652102,490.60714285714283,-48.06225501011215,522.0,4.6296296,50.0
2025-04-24,135.3950276243094,0.6856812,4.111842,0.3558164518109269,2025.0,362.0,False,True,False,True,False,False,False,False,False,False,False,False,True,False,False,False,False,False,False,False,False,481.35714285714283,206.0655635556718,412.8666666666667,164.4125872631857,493.6071428571429,-4.8093592572163955,410.0,4.79021,24.0
2025-04-25,111.40059347181008,0.74439347,3.9795918,0.4633476206176503,2025.0,337.0,True,True,False,False,False,False,False,False,True,False,False,False,True,False,False,False,False,False,False,False,False,482.35714285714283,205.4015231547367,415.46666666666664,162.91434883849615,491.2857142857142,52.79150946865232,222.0,4.111842,-25.0
2025-04-26,251.05957446808512,0.68731236,4.262948,0.5306737588652483,2025.0,470.0,False,True,False,False,False,False,False,True,False,False,False,False,True,False,False,False,False,False,False,False,False,473.57142857142856,209.02988902426046,417.23333333333335,161.72255580923525,480.7857142857143,-45.833973156830304,492.0,3.9795918,133.0
2025-04-27,186.95679012345678,0.7480226,3.5130434,0.40895551636292377,2025.0,810.0,True,True,True,False,False,False,False,False,False,False,False,False,True,False,False,False,False,False,False,False,False,485.2857142857143,203.4371679872718,421.5,161.3573353001727,443.82142857142856,72.90837562051848,1050.0,4.262948,340.0
2025-04-28,148.70315091210614,0.7563406,3.835294,0.5868211850798916,2025.0,603.0,True,True,False,False,True,False,False,False,False,False,False,False,True,False,False,False,False,False,False,False,False,495.85714285714283,216.73693985774838,435.6666666666667,176.03180224692014,407.7857142857143,37.88694704908991,578.0,3.5130434,-207.0
2025-04-29,98.81877022653721,0.6520518,4.543147,0.7206040992448759,2025.0,309.0,False,True,False,False,False,True,False,False,False,False,False,False,True,False,False,False,False,False,False,False,False,502.2142857142857,218.6071920033843,441.53333333333336,178.64639188445224,397.82142857142856,-43.99951369737084,288.0,3.835294,-294.0
2025-04-30,195.97636632200886,0.64654934,3.6252353,0.47709119754910007,2025.0,677.0,False,True,False,False,False,False,True,False,False,False,False,False,True,False,False,False,False,False,False,False,False,485.07142857142856,223.99981603210685,435.76666666666665,180.08153006697916,393.7857142857143,-43.15347122632837,338.0,4.543147,368.0
2025-05-01,192.63126843657818,0.6630021,3.4895833,0.45091028276868983,2025.0,339.0,False,True,False,True,False,False,False,False,False,False,False,False,False,True,False,False,False,False,False,False,False,496.14285714285717,229.722862176566,447.6666666666667,183.9222724382518,386.7857142857143,-15.848451921309065,362.0,3.6252353,-338.0
2025-05-02,71.3201754385965,0.7529325,3.9166667,0.342267706302794,2025.0,228.0,True,True,False,False,False,False,False,False,True,False,False,False,False,True,False,False,False,False,False,False,False,491.07142857142856,232.53733010015836,450.26666666666665,181.73074689720514,380.07142857142856,22.46815039529325,337.0,3.4895833,-111.0
2025-05-03,105.17708333333333,0.6966031,4.3814435,0.2746706900352734,2025.0,192.0,False,True,False,False,False,False,False,True,False,False,False,False,False,True,False,False,False,False,False,False,False,491.5,232.00820608829295,448.8333333333333,183.35570918832596,367.6071428571429,-40.50337470123184,470.0,3.9166667,-36.0
2025-05-04,71.83809523809524,0.7675914,4.388889,0.5755144032921811,2025.0,315.0,True,True,True,False,False,False,False,False,False,False,False,False,False,True,False,False,False,False,False,False,False,470.07142857142856,245.4247383574083,437.8,188.6221181311349,338.7142857142857,78.11679904394191,810.0,4.3814435,123.0
2025-05-05,62.98684210526316,0.75692666,4.4148936,0.3805433723196881,2025.0,304.0,True,True,False,False,True,False,False,False,False,False,False,False,False,True,False,False,False,False,False,False,False,417.57142857142856,182.3300955307813,434.6666666666667,189.89349707108192,306.17857142857144,35.19932800147085,603.0,4.388889,-11.0
2025-05-06,56.21554770318021,0.6627707,4.3333335,0.5660412810589489,2025.0,283.0,False,True,False,False,False,True,False,False,False,False,False,False,False,True,False,False,False,False,False,False,False,398.0,178.44930329411196,433.6333333333333,190.53780208396563,289.9642857142857,-57.16071060856775,309.0,4.4148936,-21.0
2025-05-07,74.52608695652174,0.6500826,3.6885245,0.5120381872555786,2025.0,230.0,False,True,False,False,False,False,True,False,False,False,False,False,False,True,False,False,False,False,False,False,False,397.64285714285717,178.69122794657562,428.3,192.49579484882966,278.6428571428571,-48.06225501011215,677.0,4.3333335,-53.0
2025-05-08,43.59489051094891,0.6661774,4.40678,0.4768518518518518,2025.0,274.0,False,True,False,True,False,False,False,False,False,False,False,False,False,True,False,False,False,False,False,False,False,389.92857142857144,183.72448615572972,423.6666666666667,195.61985184735613,270.82142857142856,-4.8093592572163955,339.0,3.6885245,44.0
2025-05-09,29.860759493670887,0.74719626,4.0677967,0.33967360971580385,2025.0,237.0,True,True,False,False,False,False,False,False,True,False,False,False,False,True,False,False,False,False,False,False,False,383.64285714285717,186.24161608093846,424.56666666666666,194.83957739520014,275.96428571428567,52.79150946865232,228.0,4.40678,-37.0
2025-05-10,58.34389140271493,0.7046715,4.380531,0.39661830544183485,2025.0,221.0,False,True,False,False,False,False,False,True,False,False,False,False,False,True,False,False,False,False,False,False,False,376.5,190.04685657044635,423.6333333333333,195.6954853554514,283.0,-45.833973156830304,192.0,4.0677967,-16.0
2025-05-11,45.908,0.74742043,4.5637584,0.5596063492063492,2025.0,250.0,True,True,True,False,False,False,False,False,False,False,False,False,False,True,False,False,False,False,False,False,False,358.7142857142857,192.26201215705987,419.4,198.7380185067768,287.6428571428571,72.90837562051848,315.0,4.380531,29.0
2025-05-12,38.107142857142854,0.73604286,4.5275593,0.42937977660199883,2025.0,252.0,True,True,False,False,True,False,False,False,False,False,False,False,False,True,False,False,False,False,False,False,False,318.7142857142857,143.12470547980678,412.4,200.94476853105672,293.42857142857144,37.88694704908991,304.0,4.5637584,2.0
2025-05-13,52.49514563106796,0.6709311,4.0082645,0.6035431756305543,2025.0,206.0,False,True,False,False,False,True,False,False,False,False,False,False,False,True,False,False,False,False,False,False,False,293.64285714285717,118.03950260749274,410.6,202.1688607967657,295.35714285714283,-43.99951369737084,283.0,4.5275593,-46.0
2025-05-14,56.885529157667385,0.70321035,4.6246247,0.714842812574994,2025.0,463.0,False,True,False,False,False,False,True,False,False,False,False,False,False,True,False,False,False,False,False,False,False,286.2857142857143,120.19882795501107,395.4,199.7432144633151,295.3571428571429,-43.15347122632837,230.0,4.0082645,257.0
2025-05-15,156.10479041916167,0.69108534,4.5857987,0.4890861134873111,2025.0,334.0,False,True,False,True,False,False,False,False,False,False,False,False,False,True,False,False,False,False,False,False,False,271.0,69.68058994716337,393.7,198.91432049139067,297.92857142857144,-15.848451921309065,274.0,4.6246247,-129.0
2025-05-16,43.790450928381965,0.7485331,4.0047393,0.4832764936213212,2025.0,377.0,True,True,False,False,False,False,False,False,True,False,False,False,False,True,False,False,False,False,False,False,False,270.64285714285717,69.31711648188164,386.53333333333336,196.98988829874995,308.17857142857144,22.46815039529325,237.0,4.5857987,43.0
2025-05-17,98.425,0.7095729,4.4921875,0.3952414021164021,2025.0,240.0,False,True,False,False,False,False,False,True,False,False,False,False,False,True,False,False,False,False,False,False,False,281.2857142857143,73.57406375308466,381.7,195.32327756470977,315.8928571428571,-40.50337470123184,221.0,4.0047393,-137.0
2025-05-18,51.0528967254408,0.7503214,4.494382,0.5002798768541842,2025.0,397.0,True,True,True,False,False,False,False,False,False,False,False,False,False,True,False,False,False,False,False,False,False,284.7142857142857,70.1311173900269,376.03333333333336,196.93329578439935,319.71428571428567,78.11679904394191,250.0,4.4921875,157.0
2025-05-19,46.2734375,0.766999,4.8117156,0.38469328703703703,2025.0,384.0,True,True,False,False,True,False,False,False,False,False,False,False,False,True,False,False,False,False,False,False,False,290.57142857142856,76.03108097827744,381.8666666666667,194.79356594439486,324.0357142857143,35.19932800147085,252.0,4.494382,-13.0
2025-05-20,80.77431906614785,0.68465257,3.892857,0.6025724167747514,2025.0,257.0,False,True,False,False,False,True,False,False,False,False,False,False,False,True,False,False,False,False,False,False,False,296.2857142857143,80.01964044622399,378.26666666666665,193.682807407001,323.96428571428567,-57.16071060856775,206.0,4.8117156,-127.0
2025-05-21,50.8984375,0.675125,4.128788,0.5116825810185185,2025.0,256.0,False,True,False,False,False,False,True,False,False,False,False,False,False,True,False,False,False,False,False,False,False,294.42857142857144,80.65092329646039,351.8333333333333,147.4374404639971,317.1428571428571,-48.06225501011215,463.0,3.892857,-1.0
2025-05-22,74.140625,0.68603843,4.1,0.5360920965608466,2025.0,320.0,False,True,False,True,False,False,False,False,False,False,False,False,False,True,False,False,False,False,False,False,False,296.2857142857143,79.34193630825357,341.1,142.02630887899988,311.21428571428567,-4.8093592572163955,334.0,4.128788,64.0
2025-05-23,41.39748953974895,0.75803244,4.112319,0.5880985588098558,2025.0,478.0,True,True,False,False,False,False,False,False,True,False,False,False,False,True,False,False,False,False,False,False,False,299.57142857142856,79.30051341934386,342.1666666666667,141.73362177066477,311.6785714285714,52.79150946865232,377.0,4.1,158.0
2025-05-24,76.06122448979592,0.7008367,4.345238,0.43193229672821515,2025.0,196.0,False,True,False,False,False,False,False,True,False,False,False,False,False,True,False,False,False,False,False,False,False,316.7857142857143,90.0958281040712,346.8333333333333,143.88023835296394,311.0357142857143,-45.833973156830304,240.0,4.112319,-282.0
2025-05-25,43.64921465968586,0.76631755,4.3956046,0.44425053325576885,2025.0,382.0,True,True,True,False,False,False,False,False,False,False,False,False,False,True,False,False,False,False,False,False,False,315.0,92.35966485597378,341.3,146.44597685812678,311.92857142857144,72.90837562051848,397.0,4.345238,186.0
2025-05-26,42.684647302904565,0.75355023,4.328358,0.5465487716525061,2025.0,241.0,True,True,False,False,True,False,False,False,False,False,False,False,False,True,False,False,False,False,False,False,False,324.42857142857144,91.95041664331501,342.8,146.63075840472487,308.60714285714283,37.88694704908991,384.0,4.3956046,-141.0
2025-05-27,41.12093023255814,0.70820653,4.0086207,0.5841946597760551,2025.0,215.0,False,True,False,False,False,True,False,False,False,False,False,False,False,True,False,False,False,False,False,False,False,323.64285714285717,92.6611752925329,335.1666666666667,145.7385669102638,303.42857142857144,-43.99951369737084,257.0,4.328358,-26.0
2025-05-28,43.06463878326996,0.7026308,4.709677,0.5959351801557125,2025.0,263.0,False,True,False,False,False,False,True,False,False,False,False,False,False,True,False,False,False,False,False,False,False,324.2857142857143,91.80952570942252,315.3333333333333,116.43033534481351,299.96428571428567,-43.15347122632837,256.0,4.0086207,48.0
2025-05-29,66.3913043478261,0.6965497,4.6698112,0.5474788647342995,2025.0,368.0,False,True,False,True,False,False,False,False,False,False,False,False,False,True,False,False,False,False,False,False,False,310.0,83.77350416450362,304.0,103.26697906648198,296.8571428571428,-15.848451921309065,320.0,4.709677,105.0
2025-05-30,40.79775280898876,0.7743551,3.4234235,0.5370630461922598,2025.0,356.0,True,True,False,False,False,False,False,False,True,False,False,False,False,True,False,False,False,False,False,False,False,312.42857142857144,85.00652851463819,305.96666666666664,103.92519966993937,290.6428571428571,22.46815039529325,478.0,4.6698112,-12.0
2025-05-31,77.39917695473251,0.7670214,3.5555556,0.375454525660287,2025.0,243.0,False,True,False,False,False,False,False,True,False,False,False,False,False,True,False,False,False,False,False,False,False,310.92857142857144,83.95829027257886,295.26666666666665,77.59662867424838,285.82142857142856,-40.50337470123184,196.0,3.4234235,-113.0
2025-06-01,155.64677804295943,0.7510342,3.8087249,0.5053396219267341,2025.0,419.0,True,False,True,False,False,False,False,False,False,False,False,False,False,False,True,False,False,False,False,False,False,311.14285714285717,83.76694514485534,292.06666666666666,77.7103079007089,285.9642857142857,78.11679904394191,382.0,3.5555556,176.0
2025-06-02,42.98884758364312,0.7567175,3.9072847,0.4487195373812474,2025.0,269.0,True,False,False,False,True,False,False,False,False,False,False,False,False,False,True,False,False,False,False,False,False,312.7142857142857,85.68585609110782,298.43333333333334,80.06879943947048,287.8928571428571,35.19932800147085,241.0,3.8087249,-150.0
2025-06-03,63.96035242290749,0.6853952,4.75,0.42719157168496374,2025.0,227.0,False,False,False,False,False,True,False,False,False,False,False,False,False,False,True,False,False,False,False,False,False,304.5,83.81825576806109,301.0,77.73961844427882,294.5,-57.16071060856775,215.0,3.9072847,-42.0
2025-06-04,89.74603174603175,0.6814101,4.821429,0.3217785056409395,2025.0,189.0,False,False,False,False,False,False,True,False,False,False,False,False,False,False,True,False,False,False,False,False,False,302.35714285714283,85.49278614898799,298.06666666666666,78.8455204304849,297.8928571428571,-48.06225501011215,263.0,4.75,-38.0
2025-06-05,62.81666666666667,0.6964727,4.431818,0.5033492063492063,2025.0,300.0,False,False,False,True,False,False,False,False,False,False,False,False,False,False,True,False,False,False,False,False,False,297.57142857142856,90.04162651515473,294.23333333333335,81.30431694579924,293.32142857142856,-4.8093592572163955,368.0,4.821429,111.0
2025-06-06,47.99074074074074,0.7557302,3.8324873,0.5166609510745314,2025.0,324.0,True,False,False,False,False,False,False,False,True,False,False,False,False,False,True,False,False,False,False,False,False,296.14285714285717,89.81678543042528,294.8,81.2825637662456,287.57142857142856,52.79150946865232,356.0,4.431818,24.0
2025-06-07,48.372093023255815,0.75771534,4.495413,0.37876830318690785,2025.0,215.0,False,False,False,False,False,False,False,True,False,False,False,False,False,False,True,False,False,False,False,False,False,285.14285714285717,73.84063624075618,297.93333333333334,80.5065571685091,285.07142857142856,-45.833973156830304,243.0,3.8324873,-109.0
2025-06-08,83.02997275204359,0.7412488,4.1035857,0.5429935137019606,2025.0,367.0,True,False,True,False,False,False,False,False,False,False,False,False,False,False,True,False,False,False,False,False,False,286.5,72.23332919195931,295.96666666666664,81.82128689103915,279.9285714285714,72.90837562051848,419.0,4.495413,152.0
2025-06-09,29.003225806451614,0.7708865,4.385027,0.5591397849462366,2025.0,310.0,True,False,False,False,True,False,False,False,False,False,False,False,False,False,True,False,False,False,False,False,False,285.42857142857144,70.80494798628678,300.3,82.03285716816401,276.75,37.88694704908991,269.0,4.1035857,-57.0
2025-06-10,63.42598187311178,0.7033816,4.1346154,0.6638133601879825,2025.0,331.0,False,False,False,False,False,True,False,False,False,False,False,False,False,False,True,False,False,False,False,False,False,290.35714285714283,69.8697768300846,303.26666666666665,80.66402579509187,280.5,-43.99951369737084,227.0,4.385027,21.0
2025-06-11,38.913223140495866,0.6951,3.93617,0.551232017141108,2025.0,242.0,False,False,False,False,False,False,True,False,False,False,False,False,False,False,True,False,False,False,False,False,False,298.64285714285717,67.06782691122112,305.96666666666664,80.1737265990648,285.0,-43.15347122632837,189.0,4.1346154,-89.0
2025-06-12,67.49808429118774,0.72079545,4.21875,0.5237791157331387,2025.0,261.0,False,False,False,True,False,False,False,False,False,False,False,False,False,False,True,False,False,False,False,False,False,297.14285714285717,68.15238259039343,305.6333333333333,80.42622806597063,285.46428571428567,-15.848451921309065,300.0,3.93617,19.0
2025-06-13,83.05629139072848,0.7564301,4.034091,0.4799590034689372,2025.0,302.0,True,False,False,False,False,False,False,False,True,False,False,False,False,False,True,False,False,False,False,False,False,289.5,65.54475863572539,307.46666666666664,78.68476316303538,284.0,22.46815039529325,324.0,4.21875,41.0
2025-06-14,80.37885462555066,0.7397431,3.7956204,0.41609561102953174,2025.0,227.0,False,False,False,False,False,False,False,True,False,False,False,False,False,False,True,False,False,False,False,False,False,285.64285714285717,62.86445387052746,302.1,72.99567771804865,287.07142857142856,-40.50337470123184,215.0,4.034091,-75.0
2025-06-15,67.81786941580756,0.7522151,4.0571427,0.5100983654248259,2025.0,291.0,True,False,True,False,False,False,False,False,False,False,False,False,False,False,True,False,False,False,False,False,False,284.5,63.837232926344974,298.53333333333336,73.99055547061774,288.46428571428567,78.11679904394191,367.0,3.7956204,64.0
2025-06-16,36.08441558441559,0.76336396,4.638889,0.4317881192881193,2025.0,308.0,True,False,False,False,True,False,False,False,False,False,False,False,False,False,True,False,False,False,False,False,False,275.35714285714283,50.959421477904925,295.6666666666667,72.49653182350704,288.07142857142856,35.19932800147085,310.0,4.0571427,17.0
2025-06-17,47.65529010238908,0.7489512,4.787234,0.40361521931487804,2025.0,293.0,False,False,False,False,False,True,False,False,False,False,False,False,False,False,True,False,False,False,False,False,False,278.14285714285717,51.64651621709595,297.93333333333334,71.7552993757655,283.9642857142857,-57.16071060856775,331.0,4.638889,-15.0
2025-06-18,84.87550200803213,0.7348864,4.275862,0.4071842927264614,2025.0,249.0,False,False,False,False,False,False,True,False,False,False,False,False,False,False,True,False,False,False,False,False,False,282.85714285714283,49.590410274658,294.46666666666664,69.27343787774853,279.25,-48.06225501011215,242.0,4.787234,-44.0
2025-06-19,56.6600790513834,0.73892653,4.007353,0.3768241420415333,2025.0,253.0,False,False,False,True,False,False,False,False,False,False,False,False,False,False,True,False,False,False,False,False,False,287.14285714285717,43.0113708451397,289.96666666666664,67.62191204414243,280.32142857142856,-4.8093592572163955,261.0,4.275862,4.0
2025-06-20,53.472727272727276,0.7624373,4.279279,0.50673721340388,2025.0,330.0,True,False,False,False,False,False,False,False,True,False,False,False,False,False,True,False,False,False,False,False,False,283.7857142857143,43.7583900903223,289.8333333333333,67.69306149608416,280.6071428571429,52.79150946865232,302.0,4.007353,77.0
2025-06-21,112.31186440677966,0.7514682,4.502618,0.4908474576271187,2025.0,295.0,False,False,False,False,False,False,False,True,False,False,False,False,False,False,True,False,False,False,False,False,False,284.2142857142857,44.20960315349058,292.3,67.76590028457747,279.99999999999994,-45.833973156830304,227.0,4.279279,-35.0
2025-06-22,107.96932515337423,0.7534831,3.5680752,0.5087196091797318,2025.0,326.0,True,False,True,False,False,False,False,False,False,False,False,False,False,False,True,False,False,False,False,False,False,289.92857142857144,39.49384428317718,291.46666666666664,67.56694424067864,286.25,72.90837562051848,291.0,4.502618,31.0
2025-06-23,59.35588235294118,0.7700586,4.4769874,0.5117942732648615,2025.0,340.0,True,False,False,False,True,False,False,False,False,False,False,False,False,False,True,False,False,False,False,False,False,287.0,34.549852498851855,286.4,58.13812328679293,293.32142857142856,37.88694704908991,308.0,3.5680752,14.0
2025-06-24,64.15053763440861,0.72667426,4.6067414,0.4388718211298856,2025.0,186.0,False,False,False,False,False,True,False,False,False,False,False,False,False,False,True,False,False,False,False,False,False,289.14285714285717,36.934155847020236,291.2,56.33361218729856,293.07142857142856,-43.99951369737084,293.0,4.4769874,-154.0
2025-06-25,56.79607843137255,0.7353741,3.2068965,0.43696441539578795,2025.0,255.0,False,False,False,False,False,False,True,False,False,False,False,False,False,False,True,False,False,False,False,False,False,278.7857142857143,43.95658447469998,284.6666666666667,56.80355339378787,291.2857142857143,-43.15347122632837,249.0,4.6067414,69.0
2025-06-26,58.44244604316547,0.730682,3.4444444,0.49407140953903544,2025.0,278.0,False,False,False,True,False,False,False,False,False,False,False,False,False,False,True,False,False,False,False,False,False,279.7142857142857,43.251373604562374,285.1333333333333,56.48907940437703,288.96428571428567,-15.848451921309065,253.0,3.2068965,23.0
2025-06-27,64.53583617747441,0.7620184,4.347826,0.5024965238275818,2025.0,293.0,True,False,False,False,False,False,False,False,True,False,False,False,False,False,True,False,False,False,False,False,False,280.92857142857144,42.92294399128787,287.23333333333335,54.94177691497338,285.9285714285714,22.46815039529325,330.0,3.4444444,15.0
2025-06-28,61.52511415525114,0.75839126,4.8514853,0.38155758498224257,2025.0,219.0,False,False,False,False,False,False,False,True,False,False,False,False,False,False,True,False,False,False,False,False,False,280.2857142857143,42.64960739548638,288.23333333333335,54.758204129976896,282.0,-40.50337470123184,295.0,4.347826,-74.0
2025-06-29,59.54852320675106,0.7706774,3.4640522,0.5176501299919021,2025.0,474.0,True,False,True,False,False,False,False,False,False,False,False,False,False,False,True,False,False,False,False,False,False,279.7142857142857,43.464271041200874,283.26666666666665,54.02613245926214,279.67857142857144,78.11679904394191,326.0,4.8514853,255.0
2025-06-30,44.78947368421053,0.750652,4.390244,0.5649868134388258,2025.0,323.0,True,False,False,False,True,False,False,False,False,False,False,False,False,False,True,False,False,False,False,False,False,292.7857142857143,67.81556273784548,287.2,63.046452496661395,277.35714285714283,35.19932800147085,340.0,3.4640522,-151.0
2025-07-01,35.800738007380076,0.75453544,5.152672,0.5058220582205822,2025.0,271.0,False,True,False,False,False,True,False,False,False,False,False,False,False,False,False,True,False,False,False,False,False,293.85714285714283,68.1918753821302,289.8666666666667,62.80387278489756,277.0,-57.16071060856775,186.0,4.390244,-52.0
2025-07-02,44.97285067873303,0.7248656,3.9112904,0.4502262443438914,2025.0,221.0,False,True,False,False,False,False,True,False,False,False,False,False,False,False,False,True,False,False,False,False,False,292.2857142857143,68.46608208160085,284.93333333333334,57.934525072725755,278.35714285714283,-48.06225501011215,255.0,5.152672,-50.0
2025-07-03,80.13888888888889,0.746144,3.6363637,0.383187585733882,2025.0,216.0,False,True,False,True,False,False,False,False,False,False,False,False,False,False,False,True,False,False,False,False,False,290.2857142857143,70.21442824709209,283.3333333333333,59.04196831905672,277.6428571428571,-4.8093592572163955,278.0,3.9112904,-5.0
2025-07-04,50.96808510638298,0.7530319,4.2134833,0.2919293406882059,2025.0,282.0,True,True,False,False,False,False,False,False,True,False,False,False,False,False,False,True,False,False,False,False,False,287.64285714285717,72.38848946202371,282.96666666666664,59.43671414627275,277.2857142857143,52.79150946865232,293.0,3.6363637,66.0
2025-07-05,152.91845493562232,0.74417204,4.237288,0.3065581215795808,2025.0,233.0,False,True,False,False,False,False,False,True,False,False,False,False,False,False,False,True,False,False,False,False,False,284.2142857142857,71.35736560701872,286.06666666666666,56.73041714887215,278.82142857142856,-45.833973156830304,219.0,4.2134833,-49.0
2025-07-06,105.24458204334366,0.75814736,4.4927535,0.5509197831179256,2025.0,323.0,True,True,True,False,False,False,False,False,False,False,False,False,False,False,False,True,False,False,False,False,False,279.7857142857143,72.55043717350055,283.8333333333333,57.476881909364046,274.1428571428571,72.90837562051848,474.0,4.237288,90.0
2025-07-07,66.23021582733813,0.7492575,3.8855422,0.5299427124966694,2025.0,278.0,True,True,False,False,True,False,False,False,False,False,False,False,False,False,False,True,False,False,False,False,False,279.57142857142856,72.40772832287475,283.8,57.45306930368285,267.35714285714283,37.88694704908991,323.0,4.4927535,-45.0
2025-07-08,38.096638655462186,0.75501555,3.346774,0.37233893557422965,2025.0,238.0,False,True,False,False,False,True,False,False,False,False,False,False,False,False,False,True,False,False,False,False,False,275.14285714285717,70.29263791504103,285.9,55.98420343706561,268.39285714285717,-43.99951369737084,271.0,3.8855422,-40.0
2025-07-09,54.95020746887967,0.7455265,4.552239,0.45324266174888583,2025.0,241.0,False,True,False,False,False,False,True,False,False,False,False,False,False,False,False,True,False,False,False,False,False,278.85714285714283,66.4910140173472,281.6,54.474036840087095,273.5,-43.15347122632837,221.0,3.346774,3.0
2025-07-10,105.4779411764706,0.727178,3.8255033,0.40100081699346407,2025.0,272.0,False,True,False,True,False,False,False,False,False,False,False,False,False,False,False,True,False,False,False,False,False,277.85714285714283,66.9808895166351,279.3,54.6898149756329,280.07142857142856,-15.848451921309065,216.0,4.552239,31.0
2025-07-11,49.377162629757784,0.72321075,4.3233085,0.524771607989601,2025.0,289.0,True,True,False,False,False,False,False,False,True,False,False,False,False,False,False,True,False,False,False,False,False,277.42857142857144,66.99909791093637,277.3333333333333,53.820476383630385,284.92857142857144,22.46815039529325,282.0,3.8255033,17.0
2025-07-12,53.46992481203007,0.7445034,4.307229,0.1779100529100529,2025.0,266.0,False,True,False,False,False,False,False,True,False,False,False,False,False,False,False,True,False,False,False,False,False,277.14285714285717,66.93608563726802,278.9,53.43920167687823,289.42857142857144,-40.50337470123184,233.0,4.3233085,-23.0
2025-07-13,144.9189189189189,0.73480207,4.180791,0.5839156526656527,2025.0,296.0,True,True,True,False,False,False,False,False,False,False,False,False,False,False,False,True,False,False,False,False,False,280.5,64.94465099073062,279.06666666666666,53.38922358868215,292.67857142857144,78.11679904394191,323.0,4.307229,30.0
2025-07-14,76.50160771704181,0.74097204,4.0136056,0.48910325116112896,2025.0,311.0,True,True,False,False,True,False,False,False,False,False,False,False,False,False,False,True,False,False,False,False,False,267.7857142857143,34.38062641267021,278.8666666666667,53.31153290076999,294.1428571428571,35.19932800147085,278.0,4.180791,15.0
2025-07-15,57.09935897435897,0.71954423,4.640523,0.4691654795821462,2025.0,312.0,False,True,False,False,False,True,False,False,False,False,False,False,False,False,False,True,False,False,False,False,False,266.92857142857144,33.020889159428236,281.6666666666667,52.695830714703014,297.0,-57.16071060856775,238.0,4.0136056,1.0
2025-07-16,84.12693498452012,0.6989276,3.974359,0.4754615296410962,2025.0,323.0,False,True,False,False,False,False,True,False,False,False,False,False,False,False,False,True,False,False,False,False,False,269.85714285714283,35.15866704145638,282.3666666666667,52.962890934048794,300.2857142857143,-48.06225501011215,241.0,4.640523,11.0
2025-07-17,87.42281879194631,0.69499964,4.354839,0.4886465324384788,2025.0,298.0,False,True,False,True,False,False,False,False,False,False,False,False,False,False,False,True,False,False,False,False,False,277.14285714285717,34.82231190764803,282.8666666666667,53.283065391090794,301.8928571428571,-4.8093592572163955,272.0,3.974359,-25.0
2025-07-18,93.0327380952381,0.70352256,4.8319325,0.5359386810279668,2025.0,336.0,True,True,False,False,False,False,False,False,True,False,False,False,False,False,False,True,False,False,False,False,False,283.0,30.356851970166105,283.03333333333336,53.32365932377629,305.3571428571429,52.79150946865232,289.0,4.354839,38.0
2025-07-19,55.05245901639344,0.6895688,4.7706423,0.4596539162112933,2025.0,305.0,False,True,False,False,False,False,False,True,False,False,False,False,False,False,False,True,False,False,False,False,False,286.85714285714283,33.48905020326193,285.93333333333334,53.772787203920835,309.07142857142856,-45.833973156830304,266.0,4.8319325,-31.0
2025-07-20,75.47076023391813,0.7270906,4.651899,0.5064977257959714,2025.0,342.0,True,True,True,False,False,False,False,False,False,False,False,False,False,False,False,True,False,False,False,False,False,292.0,29.920407237049453,287.6666666666667,53.512056864645444,313.35714285714283,72.90837562051848,296.0,4.7706423,37.0
2025-07-21,112.63666666666667,0.7132533,4.65,0.4186111111111111,2025.0,300.0,True,True,False,False,True,False,False,False,False,False,False,False,False,False,False,True,False,False,False,False,False,293.35714285714283,31.806160851822078,288.06666666666666,53.882972381297485,321.96428571428567,37.88694704908991,311.0,4.651899,-42.0
2025-07-22,89.97297297297297,0.7015054,4.4444447,0.40884634634634637,2025.0,296.0,False,True,False,False,False,True,False,False,False,False,False,False,False,False,False,True,False,False,False,False,False,294.92857142857144,31.531337978674248,288.23333333333335,53.912882046638,326.9642857142857,-43.99951369737084,312.0,4.65,-4.0
2025-07-23,58.338181818181816,0.73433125,4.4915257,0.46444444444444444,2025.0,275.0,False,True,False,False,False,False,True,False,False,False,False,False,False,False,False,True,False,False,False,False,False,299.07142857142856,26.954275487073943,287.23333333333335,53.46457630562708,326.5357142857143,-43.15347122632837,323.0,4.4444447,-21.0
2025-07-24,82.12720848056537,0.70714307,4.0384617,0.45737655878998634,2025.0,283.0,False,True,False,True,False,False,False,False,False,False,False,False,False,False,False,True,False,False,False,False,False,301.5,22.47990555688037,285.06666666666666,52.56190657680235,328.6428571428571,-15.848451921309065,298.0,4.4915257,8.0
2025-07-25,82.27466666666666,0.7240462,5.282258,0.4708395061728395,2025.0,375.0,True,True,False,False,False,False,False,False,True,False,False,False,False,False,False,True,False,False,False,False,False,302.2857142857143,21.542189630259056,288.3,49.12906998144143,330.10714285714283,22.46815039529325,336.0,4.0384617,92.0
2025-07-26,86.77816901408451,0.6716437,4.9425287,0.415666219539459,2025.0,284.0,False,True,False,False,False,False,False,True,False,False,False,False,False,False,False,True,False,False,False,False,False,308.42857142857144,28.575713964335733,292.3,51.16717023976227,328.07142857142856,-40.50337470123184,305.0,5.282258,-91.0
2025-07-27,98.60804020100502,0.75048447,4.556962,0.49567746138097896,2025.0,398.0,True,True,True,False,False,False,False,False,False,False,False,False,False,False,False,True,False,False,False,False,False,309.7142857142857,26.874147060323292,292.5,51.12105308936332,329.57142857142856,78.11679904394191,342.0,4.9425287,114.0
2025-07-28,77.59333333333333,0.7231024,4.3693695,0.6124185773074661,2025.0,450.0,True,True,False,False,True,False,False,False,False,False,False,False,False,False,False,True,False,False,False,False,False,317.0,35.35751470556076,296.0,54.63041971851098,335.2857142857143,35.19932800147085,300.0,4.556962,52.0
2025-07-29,83.29392971246007,0.70255077,4.2268043,0.43424615852730863,2025.0,313.0,False,True,False,False,False,True,False,False,False,False,False,False,False,False,False,True,False,False,False,False,False,326.92857142857144,50.01917214846401,303.7,59.46842106066255,336.71428571428567,-57.16071060856775,296.0,4.3693695,-137.0
2025-07-30,82.41290322580645,0.7096074,4.051724,0.4112903225806452,2025.0,310.0,False,True,False,False,False,False,True,False,False,False,False,False,False,False,False,True,False,False,False,False,False,327.0,49.996922982243646,298.3333333333333,50.09599979441753,336.7857142857143,-48.06225501011215,275.0,4.2268043,-3.0
2025-07-31,99.07027027027027,0.7068827,4.2972975,0.4037537537537537,2025.0,370.0,False,True,False,True,False,False,False,False,False,False,False,False,False,False,False,True,False,False,False,False,False,326.07142857142856,50.197248293744465,297.9,49.93122856696879,341.9285714285714,-4.8093592572163955,283.0,4.051724,60.0
2025-08-01,68.22622950819672,0.7386882,5.5855856,0.4559778108958437,2025.0,305.0,True,True,False,False,False,False,False,False,True,False,False,False,False,False,False,False,True,False,False,False,False,331.2142857142857,50.784883534418874,301.2,51.343602495747795,345.0357142857143,52.79150946865232,375.0,4.2972975,-65.0
2025-08-02,134.27598566308242,0.6808537,4.1566267,0.4089672109385371,2025.0,279.0,False,True,False,False,False,False,False,True,False,False,False,False,False,False,False,False,True,False,False,False,False,329.0,51.23400313193545,304.0,49.05872624406011,347.1428571428571,-45.833973156830304,284.0,5.5855856,-26.0
2025-08-03,107.50487804878048,0.7240798,4.161677,0.48087172538392053,2025.0,410.0,True,True,True,False,False,False,False,False,False,False,False,False,False,False,False,False,True,False,False,False,False,327.14285714285717,52.623272334670396,306.1,46.440432740268726,349.75,72.90837562051848,398.0,4.1566267,131.0
2025-08-04,103.22193877551021,0.68496937,4.107143,0.5037556689342404,2025.0,392.0,True,True,False,False,True,False,False,False,False,False,False,False,False,False,False,False,True,False,False,False,False,332.0,57.05193315675788,310.3666666666667,49.90092482961159,347.17857142857144,37.88694704908991,450.0,4.161677,-18.0
2025-08-05,58.32786885245902,0.71744096,5.6153846,0.4403460837887067,2025.0,244.0,False,True,False,False,False,True,False,False,False,False,False,False,False,False,False,False,True,False,False,False,False,338.57142857142856,58.36584128213623,315.6666666666667,49.84412484545358,347.25,-43.99951369737084,313.0,4.107143,-148.0
2025-08-06,51.57142857142857,0.6994517,4.8305087,0.3326578858493752,2025.0,329.0,False,True,False,False,False,False,True,False,False,False,False,False,False,False,False,False,True,False,False,False,False,334.85714285714283,62.77169516817119,313.03333333333336,51.50258335223577,351.6071428571429,-43.15347122632837,310.0,5.6153846,85.0
2025-08-07,306.9919571045576,0.7001005,3.8285713,0.5563002680965148,2025.0,373.0,False,True,False,True,False,False,False,False,False,False,False,False,False,False,False,False,True,False,False,False,False,338.7142857142857,60.42596050785451,314.73333333333335,51.146802464072174,351.0,-15.848451921309065,370.0,4.8305087,44.0
2025-08-08,105.98924731182795,0.71442634,4.24,0.4583710246344655,2025.0,372.0,True,True,False,False,False,False,False,False,True,False,False,False,False,False,False,False,True,False,False,False,False,345.14285714285717,58.80849904936911,319.23333333333335,50.09073376579112,352.25,22.46815039529325,305.0,3.8285713,-1.0
2025-08-09,81.55202312138728,0.70648235,2.4183006,0.5434168272318561,2025.0,346.0,False,True,False,False,False,False,False,True,False,False,False,False,False,False,False,False,True,False,False,False,False,344.92857142857144,58.6966966515347,323.6,48.72696626488531,355.75,-40.50337470123184,279.0,4.24,-26.0
2025-08-10,145.9755501222494,0.7001699,3.2160804,0.41837427717623316,2025.0,409.0,True,True,True,False,False,False,False,False,False,False,False,False,False,False,False,False,True,False,False,False,False,349.35714285714283,56.02418041532492,326.06666666666666,47.89063210773188,354.3928571428571,78.11679904394191,410.0,2.4183006,63.0
2025-08-11,75.50408719346049,0.7380801,4.246988,0.5681955797759612,2025.0,367.0,True,True,False,False,True,False,False,False,False,False,False,False,False,False,False,False,True,False,False,False,False,350.14285714285717,56.83018854157018,330.06666666666666,49.66642752391661,354.1428571428571,35.19932800147085,392.0,3.2160804,-42.0
2025-08-12,89.98241206030151,0.73524797,4.123377,0.49664991624790616,2025.0,398.0,False,True,False,False,False,True,False,False,False,False,False,False,False,False,False,False,True,False,False,False,False,344.2142857142857,49.46355079392244,333.43333333333334,48.58528465551503,356.8928571428571,-57.16071060856775,244.0,4.246988,31.0
2025-08-13,79.78674351585015,0.70201266,3.8709676,0.5051232788984951,2025.0,347.0,False,True,False,False,False,False,True,False,False,False,False,False,False,False,False,False,True,False,False,False,False,350.2857142857143,50.54233346935575,336.8333333333333,49.43688650316064,356.10714285714283,-48.06225501011215,329.0,4.123377,-51.0
2025-08-14,83.2626582278481,0.71881044,3.4583333,0.4281235349273324,2025.0,316.0,False,True,False,True,False,False,False,False,False,False,False,False,False,False,False,False,True,False,False,False,False,352.92857142857144,49.22392208565456,338.03333333333336,49.224666744345804,349.5,-4.8093592572163955,373.0,3.8709676,-31.0
2025-08-15,79.05076142131979,0.7271906,3.807947,0.5439932318104908,2025.0,394.0,True,True,False,False,False,False,False,False,True,False,False,False,False,False,False,False,True,False,False,False,False,349.07142857142856,49.89444902948754,338.1666666666667,49.15709043698411,340.5,52.79150946865232,372.0,3.4583333,78.0
2025-08-16,108.97916666666667,0.68959826,3.5714285,0.40608924897119336,2025.0,288.0,False,True,False,False,False,False,False,True,False,False,False,False,False,False,False,False,True,False,False,False,False,355.42857142857144,49.51567628339818,340.53333333333336,50.10178146280903,331.75,-45.833973156830304,346.0,3.807947,-106.0
2025-08-17,117.05785123966942,0.71947795,3.5350318,0.4419223058341516,2025.0,363.0,True,True,True,False,False,False,False,False,False,False,False,False,False,False,False,False,True,False,False,False,False,356.07142857142856,48.494986712688345,340.2,50.42673073295295,325.3928571428571,72.90837562051848,409.0,3.5714285,75.0
2025-08-18,45.71527777777778,0.7686977,4.7011952,0.5249436605918087,2025.0,432.0,True,True,False,False,True,False,False,False,False,False,False,False,False,False,False,False,True,False,False,False,False,352.7142857142857,46.039161543239246,341.1,50.589865415501635,320.9285714285714,37.88694704908991,367.0,3.5350318,69.0
2025-08-19,102.18505338078292,0.7251035,4.642857,0.3840944609627884,2025.0,281.0,False,True,False,False,False,True,False,False,False,False,False,False,False,False,False,False,True,False,False,False,False,355.57142857142856,49.7558876078845,345.3333333333333,52.73311681662053,310.46428571428567,-43.99951369737084,398.0,4.7011952,-151.0
2025-08-20,97.72592592592592,0.7413626,3.3333333,0.5408455810307663,2025.0,270.0,False,True,False,False,False,False,True,False,False,False,False,False,False,False,False,False,True,False,False,False,False,358.2142857142857,44.026527967070564,343.3,54.02627074890908,295.3571428571429,-43.15347122632837,347.0,4.642857,-11.0
2025-08-21,58.008097165991906,0.7338964,3.1889763,0.4886543281280123,2025.0,247.0,False,True,False,True,False,False,False,False,False,False,False,False,False,False,False,False,True,False,False,False,False,354.0,49.519227035101515,342.3,55.12190252459526,284.07142857142856,-15.848451921309065,316.0,3.3333333,-23.0
2025-08-22,44.27235772357724,0.7496951,4.1666665,0.5451294790725685,2025.0,246.0,True,True,False,False,False,False,False,False,True,False,False,False,False,False,False,False,True,False,False,False,False,345.0,56.726062386228065,340.6666666666667,57.22691272670431,273.57142857142856,22.46815039529325,394.0,3.1889763,-1.0
2025-08-23,102.93832599118943,0.7243714,5.041322,0.4645945504976342,2025.0,227.0,False,True,False,False,False,False,False,True,False,False,False,False,False,False,False,False,True,False,False,False,False,336.0,61.874562935520004,339.7,58.602783269197204,263.60714285714283,-40.50337470123184,288.0,4.1666665,-19.0
2025-08-24,126.28857142857143,0.74268574,3.75,0.6406878306878306,2025.0,350.0,True,True,True,False,False,False,False,False,False,False,False,False,False,False,False,False,True,False,False,False,False,327.5,68.24137026309411,337.8333333333333,61.30088784491349,254.07142857142856,78.11679904394191,363.0,5.041322,123.0
2025-08-25,41.205980066445186,0.7580767,4.3154764,0.6806877507874185,2025.0,301.0,True,True,False,False,True,False,False,False,False,False,False,False,False,False,False,False,True,False,False,False,False,323.2857142857143,64.542685424131,337.0,60.94712236141983,238.32142857142856,35.19932800147085,432.0,3.75,-49.0
2025-08-26,23.871345029239766,0.7344111,3.622449,0.6551332033788174,2025.0,171.0,False,True,False,False,False,True,False,False,False,False,False,False,False,False,False,False,True,False,False,False,False,318.57142857142856,63.506164795498854,337.56666666666666,60.51485046198769,223.10714285714286,-57.16071060856775,281.0,4.3154764,-130.0
2025-08-27,26.509933774834437,0.7358536,4.464286,0.5188689162199096,2025.0,151.0,False,True,False,False,False,False,True,False,False,False,False,False,False,False,False,False,True,False,False,False,False,302.35714285714283,70.28360914385237,330.0,66.5851800845842,214.07142857142856,-48.06225501011215,270.0,3.622449,-20.0
2025-08-28,31.857142857142858,0.744872,3.1048386,0.6112528344671202,2025.0,196.0,False,True,False,True,False,False,False,False,False,False,False,False,False,False,False,False,True,False,False,False,False,288.35714285714283,79.60924486598252,320.03333333333336,70.27899246296263,207.35714285714283,-4.8093592572163955,247.0,4.464286,45.0
2025-08-29,29.10909090909091,0.76910454,5.0,0.607996632996633,2025.0,220.0,True,True,False,False,False,False,False,False,True,False,False,False,False,False,False,False,True,False,False,False,False,279.7857142857143,82.80020305756337,316.1333333333333,73.83893624468797,201.14285714285714,52.79150946865232,246.0,3.1048386,24.0
2025-08-30,41.21857923497268,0.7289077,3.8829787,0.6026108075288403,2025.0,183.0,False,True,False,False,False,False,False,True,False,False,False,False,False,False,False,False,True,False,False,False,False,267.35714285714283,77.20761933589576,313.1333333333333,75.89636006597641,194.75,-45.833973156830304,227.0,5.0,-37.0
2025-08-31,71.33830845771145,0.72414327,4.380531,0.6789662797125484,2025.0,201.0,True,True,True,False,False,False,False,False,False,False,False,False,False,False,False,False,True,False,False,False,False,259.85714285714283,80.09403813677424,306.9,78.69248310068568,184.5,72.90837562051848,350.0,3.8829787,18.0
2025-09-01,39.09803921568628,0.72423136,4.0384617,0.6016702977487292,2025.0,153.0,True,False,False,False,True,False,False,False,False,False,False,False,False,False,False,False,False,True,False,False,False,248.28571428571428,75.62399758667296,303.43333333333334,81.03497896644346,176.60714285714286,37.88694704908991,301.0,4.380531,-48.0
2025-09-02,52.53731343283582,0.72668654,3.828125,0.43076285240464346,2025.0,134.0,False,False,False,False,False,True,False,False,False,False,False,False,False,False,False,False,False,True,False,False,False,228.35714285714286,58.25356660306845,299.23333333333335,85.48792345981536,174.67857142857142,-43.99951369737084,171.0,4.0384617,-19.0
2025-09-03,39.41463414634146,0.7494311,4.0804596,0.6330574912891986,2025.0,164.0,False,False,False,False,False,False,True,False,False,False,False,False,False,False,False,False,False,True,False,False,False,217.85714285714286,61.20816579868794,290.03333333333336,87.97157978901315,172.07142857142856,-43.15347122632837,151.0,3.828125,30.0
2025-09-04,37.04848484848485,0.74649996,3.6868687,0.4823472823472823,2025.0,165.0,False,False,False,True,False,False,False,False,False,False,False,False,False,False,False,False,False,True,False,False,False,210.28571428571428,60.81678484334265,282.43333333333334,88.70434555048716,168.5,-15.848451921309065,196.0,4.0804596,1.0
2025-09-05,38.23376623376623,0.75442725,4.347826,0.518243661100804,2025.0,154.0,True,False,False,False,False,False,False,False,True,False,False,False,False,False,False,False,False,True,False,False,False,204.42857142857142,60.95738017502321,279.8,91.02686227247658,167.53571428571428,22.46815039529325,220.0,3.6868687,-11.0
2025-09-06,37.19285714285714,0.74439,4.5614033,0.40674603174603174,2025.0,140.0,False,False,False,False,False,False,False,True,False,False,False,False,False,False,False,False,False,True,False,False,False,197.85714285714286,61.08991751490698,273.96666666666664,93.3430762566645,170.89285714285714,-40.50337470123184,183.0,4.347826,-14.0
2025-09-07,56.4,0.7554026,4.137931,0.6353703703703704,2025.0,150.0,True,False,True,False,False,False,False,False,False,False,False,False,False,False,False,False,False,True,False,False,False,191.64285714285714,62.31015121996626,266.2,94.50502632135509,176.46428571428572,78.11679904394191,201.0,4.5614033,10.0
2025-09-08,51.621428571428574,0.77945,1.5931373,0.4476190476190476,2025.0,280.0,True,False,False,False,True,False,False,False,False,False,False,False,False,False,False,False,False,True,False,False,False,177.35714285714286,43.21076636291527,258.8,94.62645252381286,178.14285714285714,35.19932800147085,153.0,4.137931,130.0
2025-09-09,36.528985507246375,0.7506435,3.3529413,0.4535024154589372,2025.0,138.0,False,False,False,False,False,True,False,False,False,False,False,False,False,False,False,False,False,True,False,False,False,175.85714285714286,38.719617653185985,256.6,93.28695070809114,178.35714285714286,-57.16071060856775,134.0,1.5931373,-142.0
2025-09-10,44.306306306306304,0.7426793,3.245614,0.3330830830830831,2025.0,111.0,False,False,False,False,False,False,True,False,False,False,False,False,False,False,False,False,False,True,False,False,False,173.5,40.02066773748243,247.56666666666666,91.11632706310822,183.28571428571428,-48.06225501011215,164.0,3.3529413,-27.0
2025-09-11,57.595588235294116,0.73846394,3.4868422,0.6683006535947712,2025.0,136.0,False,False,False,True,False,False,False,False,False,False,False,False,False,False,False,False,False,True,False,False,False,170.64285714285714,43.06275767877877,239.03333333333333,91.53197418853495,185.57142857142856,-4.8093592572163955,165.0,3.245614,25.0
2025-09-12,142.18577075098815,0.7600498,2.9842932,0.7889767237593325,2025.0,253.0,True,False,False,False,False,False,False,False,True,False,False,False,False,False,False,False,False,True,False,False,False,166.35714285714286,43.32987447452558,230.3,88.2829112217827,185.85714285714283,52.79150946865232,154.0,3.4868422,117.0
2025-09-13,92.93032786885246,0.76482254,4.09375,0.6532331511839709,2025.0,244.0,False,False,False,False,False,False,False,True,False,False,False,False,False,False,False,False,False,True,False,False,False,168.71428571428572,47.197504124736476,227.16666666666666,85.62632665303364,185.78571428571428,-45.833973156830304,140.0,2.9842932,-9.0
2025-09-14,168.375,0.7749297,1.9,0.7272897897897898,2025.0,296.0,True,False,True,False,False,False,False,False,False,False,False,False,False,False,False,False,False,True,False,False,False,173.07142857142858,51.25871676072437,224.76666666666668,84.04501393786643,185.92857142857142,72.90837562051848,150.0,4.09375,52.0
2025-09-15,104.4952380952381,0.7320133,4.5454545,0.32433862433862437,2025.0,105.0,True,False,False,False,True,False,False,False,False,False,False,False,False,False,False,False,False,True,False,False,False,179.85714285714286,60.665358436968255,221.5,78.99312497365528,182.0,37.88694704908991,280.0,1.9,-191.0
2025-09-16,122.18085106382979,0.7584516,3.7795277,0.6260342789598109,2025.0,188.0,False,False,False,False,False,True,False,False,False,False,False,False,False,False,False,False,False,True,False,False,False,176.42857142857142,63.58605832402992,215.4,80.7275537287893,175.07142857142856,-43.99951369737084,138.0,4.5454545,83.0
2025-09-17,60.48790322580645,0.785204,2.259036,0.7338709677419355,2025.0,248.0,False,False,False,False,False,False,True,False,False,False,False,False,False,False,False,False,False,True,False,False,False,180.28571428571428,62.44188506915156,209.56666666666666,75.87089003051881,175.32142857142856,-43.15347122632837,111.0,3.7795277,60.0
2025-09-18,46.06896551724138,0.7301572,4.4366198,0.5989053092501367,2025.0,145.0,False,False,False,True,False,False,False,False,False,False,False,False,False,False,False,False,False,True,False,False,False,186.28571428571428,64.74972951702266,203.43333333333334,63.73635531237916,179.25,-15.848451921309065,136.0,2.259036,-103.0
2025-09-19,73.13736263736264,0.7471,3.0097086,0.5299145299145299,2025.0,182.0,True,False,False,False,False,False,False,False,True,False,False,False,False,False,False,False,False,True,False,False,False,184.85714285714286,65.47208112312856,198.9,62.85964112814137,178.46428571428572,22.46815039529325,253.0,4.4366198,37.0
2025-09-20,73.2909090909091,0.7378,3.6734693,0.39545454545454545,2025.0,110.0,False,False,False,False,False,False,False,True,False,False,False,False,False,False,False,False,False,True,False,False,False,186.85714285714286,64.88197230102097,195.96666666666667,61.465147586385875,171.5,-40.50337470123184,244.0,3.0097086,-72.0
2025-09-21,76.5054347826087,0.7427696,4.20354,0.667572463768116,2025.0,184.0,True,False,True,False,False,False,False,False,False,False,False,False,False,False,False,False,False,True,False,False,False,184.71428571428572,67.00910221917543,191.4,62.62124790879916,164.17857142857142,78.11679904394191,296.0,3.6734693,74.0
2025-09-22,68.25735294117646,0.74781615,4.5394735,0.4113562091503268,2025.0,136.0,True,False,False,False,True,False,False,False,False,False,False,False,False,False,False,False,False,True,False,False,False,187.14285714285714,66.26619644440831,189.33333333333334,61.774525121793545,163.21428571428572,35.19932800147085,105.0,4.20354,-48.0
2025-09-23,39.09090909090909,0.76363635,4.351852,0.38767135642135636,2025.0,88.0,False,False,False,False,False,True,False,False,False,False,False,False,False,False,False,False,False,True,False,False,False,176.85714285714286,61.76737643132426,186.3,62.09456081460547,163.64285714285714,-57.16071060856775,188.0,4.5394735,-48.0
2025-09-24,56.654761904761905,0.7502202,2.0652175,0.6121031746031746,2025.0,168.0,False,False,False,False,False,False,True,False,False,False,False,False,False,False,False,False,False,True,False,False,False,173.28571428571428,65.51855705585585,177.56666666666666,56.4444697106782,159.64285714285714,-48.06225501011215,248.0,4.351852,80.0
2025-09-25,61.560846560846564,0.7398376,3.9351852,0.66005291005291,2025.0,189.0,False,False,False,True,False,False,False,False,False,False,False,False,False,False,False,False,False,True,False,False,False,177.35714285714286,63.075787312209314,173.13333333333333,51.41429650454828,158.03571428571428,-4.8093592572163955,145.0,2.0652175,21.0
2025-09-26,85.4438202247191,0.7482842,4.4210525,0.6061173533083646,2025.0,178.0,True,False,False,False,False,False,False,False,True,False,False,False,False,False,False,False,False,True,False,False,False,181.14285714285714,61.98369158075487,173.73333333333332,51.49351036000105,157.78571428571428,52.79150946865232,182.0,3.9351852,-11.0
2025-09-27,79.06451612903226,0.7224952,3.2539682,0.38082437275985664,2025.0,124.0,False,False,False,False,False,False,False,True,False,False,False,False,False,False,False,False,False,True,False,False,False,175.78571428571428,58.43494551330546,174.63333333333333,51.318131052414365,158.57142857142856,-45.833973156830304,110.0,4.4210525,-54.0
2025-09-28,81.63981042654028,0.7464365,4.2105265,0.5753466736879059,2025.0,211.0,True,False,True,False,False,False,False,False,False,False,False,False,False,False,False,False,False,True,False,False,False,167.21428571428572,56.42582410894631,172.23333333333332,51.9639685069245,160.4642857142857,72.90837562051848,184.0,3.2539682,87.0
2025-09-29,65.11042944785277,0.7580356,4.9528303,0.6670074982958418,2025.0,163.0,True,False,False,False,True,False,False,False,False,False,False,False,False,False,False,False,False,True,False,False,False,161.14285714285714,44.89793064078004,171.93333333333334,51.704020608909836,161.07142857142856,37.88694704908991,136.0,4.2105265,-48.0
2025-09-30,70.45774647887323,0.75462747,4.7826085,0.4215571205007825,2025.0,142.0,False,False,False,False,False,True,False,False,False,False,False,False,False,False,False,False,False,True,False,False,False,165.28571428571428,41.894425132026534,171.26666666666668,51.685343305852335,162.57142857142856,-43.99951369737084,88.0,4.9528303,-21.0
2025-10-01,48.637362637362635,0.7544131,4.786325,0.5499084249084248,2025.0,182.0,False,False,False,False,False,False,True,False,False,False,False,False,False,False,False,False,False,False,True,False,False,162.0,41.77964171146733,169.3,51.63742962165306,161.07142857142858,-43.15347122632837,168.0,4.7826085,40.0
2025-10-02,64.44578313253012,0.7204319,3.1034484,0.5629183400267738,2025.0,166.0,False,False,False,True,False,False,False,False,False,False,False,False,False,False,False,False,False,False,True,False,False,157.28571428571428,34.40131610056028,170.26666666666668,51.5931921019092,157.25,-15.848451921309065,189.0,4.786325,-16.0
2025-10-03,64.7987012987013,0.75470906,4.9468083,0.5930735930735931,2025.0,154.0,True,False,False,False,False,False,False,False,True,False,False,False,False,False,False,False,False,False,True,False,False,158.78571428571428,34.28203963824732,171.33333333333334,51.14639794734955,153.96428571428572,22.46815039529325,178.0,3.1034484,-12.0
2025-10-04,26.58125,0.77355623,5.283019,0.5074851190476191,2025.0,160.0,False,False,False,False,False,False,False,True,False,False,False,False,False,False,False,False,False,False,True,False,False,156.78571428571428,33.634182638476,171.0,51.228359602727316,153.07142857142856,-40.50337470123184,124.0,4.9468083,6.0
2025-10-05,41.711229946524064,0.7484759,4.375,0.5816993464052287,2025.0,187.0,True,False,True,False,False,False,False,False,False,False,False,False,False,False,False,False,False,False,True,False,False,160.35714285714286,30.821089540113267,170.83333333333334,51.25667884712117,153.03571428571428,78.11679904394191,211.0,5.283019,27.0
2025-10-06,49.973333333333336,0.7658653,5.126582,0.5835185185185185,2025.0,150.0,True,False,False,False,True,False,False,False,False,False,False,False,False,False,False,False,False,False,True,False,False,160.57142857142858,31.007974869291683,171.93333333333334,51.23706452958963,152.17857142857142,35.19932800147085,163.0,4.375,-37.0
2025-10-07,34.827586206896555,0.7687767,4.90566,0.43151340996168586,2025.0,116.0,False,False,False,False,False,True,False,False,False,False,False,False,False,False,False,False,False,False,True,False,False,161.57142857142858,30.37386094278348,172.26666666666668,51.05435462756255,152.6428571428571,-57.16071060856775,142.0,5.126582,-34.0
2025-10-08,91.54081632653062,0.7476071,3.8983052,0.5290195443256668,2025.0,98.0,False,False,False,False,False,False,True,False,False,False,False,False,False,False,False,False,False,False,True,False,False,163.57142857142858,25.72252615215837,171.13333333333333,51.93545950526602,150.35714285714283,-48.06225501011215,182.0,4.90566,-18.0
2025-10-09,116.17105263157895,0.7544605,2.840909,0.5729166666666666,2025.0,152.0,False,False,False,True,False,False,False,False,False,False,False,False,False,False,False,False,False,False,True,False,False,158.57142857142858,31.047641520027938,165.06666666666666,49.345323177991,147.5,-4.8093592572163955,166.0,3.8983052,54.0
2025-10-10,38.38211382113821,0.762404,4.7014923,0.5612014453477868,2025.0,123.0,True,False,False,False,False,False,False,False,True,False,False,False,False,False,False,False,False,False,True,False,False,155.92857142857142,29.808270111381596,165.53333333333333,49.14632152603463,146.5,52.79150946865232,154.0,2.840909,-29.0
2025-10-11,88.3896103896104,0.7773831,3.6,0.3629148629148629,2025.0,154.0,False,False,False,False,False,False,False,True,False,False,False,False,False,False,False,False,False,False,True,False,False,152.0,30.295975868855443,165.93333333333334,48.73427833730193,144.53571428571428,-45.833973156830304,160.0,4.7014923,31.0
2025-10-12,54.75555555555555,0.7861999,5.0833335,0.5643518518518518,2025.0,180.0,True,False,True,False,False,False,False,False,False,False,False,False,False,False,False,False,False,False,True,False,False,154.14285714285714,29.204470529376437,166.53333333333333,48.46309177475123,146.10714285714286,72.90837562051848,187.0,3.6,26.0
2025-10-13,90.08235294117647,0.7544841,4.9479165,0.5648692810457516,2025.0,170.0,True,False,False,False,True,False,False,False,False,False,False,False,False,False,False,False,False,False,True,False,False,151.92857142857142,25.50253165627362,164.1,45.72734034658654,149.99999999999997,37.88694704908991,150.0,5.0833335,-10.0
2025-10-14,46.027027027027025,0.74882835,4.367816,0.4562687687687687,2025.0,148.0,False,False,False,False,False,True,False,False,False,False,False,False,False,False,False,False,False,False,True,False,False,152.42857142857142,25.803143176797576,161.63333333333333,43.1944148156277,152.14285714285714,-43.99951369737084,116.0,4.9479165,-22.0
2025-10-15,64.70535714285714,0.74452585,4.1666665,0.4804988662131519,2025.0,112.0,False,False,False,False,False,False,True,False,False,False,False,False,False,False,False,False,False,False,True,False,False,152.85714285714286,25.666072016328684,156.7,34.991772431975924,154.57142857142856,-43.15347122632837,98.0,4.367816,-36.0
2025-10-16,83.08333333333333,0.7350154,4.4444447,0.6121794871794872,2025.0,156.0,False,False,False,True,False,False,False,False,False,False,False,False,False,False,False,False,False,False,True,False,False,147.85714285714286,26.360976819936223,156.93333333333334,34.65687306400952,157.9285714285714,-15.848451921309065,152.0,4.1666665,44.0
2025-10-17,103.68382352941177,0.76721907,3.3333333,0.6746323529411765,2025.0,136.0,True,False,False,False,False,False,False,False,True,False,False,False,False,False,False,False,False,False,True,False,False,147.14285714285714,25.96404953261305,155.86666666666667,34.15656985658796,160.85714285714283,22.46815039529325,123.0,4.4444447,-20.0
2025-10-18,79.64227642276423,0.7590195,3.3606558,0.39001806684733514,2025.0,123.0,False,False,False,False,False,False,False,True,False,False,False,False,False,False,False,False,False,False,True,False,False,145.85714285714286,26.043918950223865,152.13333333333333,29.549179734616438,159.92857142857142,-40.50337470123184,154.0,3.3333333,-13.0
2025-10-19,167.0597014925373,0.78151864,4.854369,0.7439883913764511,2025.0,268.0,True,False,True,False,False,False,False,False,False,False,False,False,False,False,False,False,False,False,True,False,False,143.21428571428572,26.373584020114688,151.4,30.001839024095638,158.92857142857142,78.11679904394191,180.0,3.3606558,145.0
2025-10-20,35.88202247191011,0.76598537,4.8165135,0.5892634207240949,2025.0,178.0,True,False,False,False,True,False,False,False,False,False,False,False,False,False,False,False,False,False,True,False,False,149.0,41.35028601891733,154.26666666666668,36.44356367499606,159.17857142857142,35.19932800147085,170.0,4.854369,-90.0
2025-10-21,57.66216216216216,0.7609608,3.2051282,0.6527777777777778,2025.0,148.0,False,False,False,False,False,True,False,False,False,False,False,False,False,False,False,False,False,False,True,False,False,151.0,42.07319629115387,156.53333333333333,35.702538626377425,155.89285714285714,-57.16071060856775,148.0,4.8165135,-30.0
2025-10-22,58.5,0.74250895,6.642857,0.40671641791044777,2025.0,134.0,False,False,False,False,False,False,True,False,False,False,False,False,False,False,False,False,False,False,True,False,False,153.28571428571428,40.87773245899446,155.33333333333334,35.35078727439741,150.60714285714286,-48.06225501011215,112.0,3.2051282,-14.0
2025-10-23,109.26190476190476,0.71632993,4.223301,0.7796296296296297,2025.0,210.0,False,False,False,True,False,False,False,False,False,False,False,False,False,False,False,False,False,False,True,False,False,155.85714285714286,38.17541928208197,155.26666666666668,35.390368194180994,146.85714285714283,-4.8093592572163955,156.0,6.642857,76.0
2025-10-24,82.07482993197279,0.75114083,5.0704226,0.5551776266061981,2025.0,147.0,True,False,False,False,False,False,False,False,True,False,False,False,False,False,False,False,False,False,True,False,False,160.0,40.78272635848282,159.33333333333334,34.389586769268874,144.42857142857142,52.79150946865232,136.0,4.223301,-63.0
2025-10-25,37.42307692307692,0.73177403,5.0,0.3317307692307692,2025.0,104.0,False,False,False,False,False,False,False,True,False,False,False,False,False,False,False,False,False,False,True,False,False,161.71428571428572,39.594926969983945,158.63333333333333,34.42080699261919,141.32142857142856,-45.833973156830304,123.0,5.0704226,-43.0
2025-10-26,183.11881188118812,0.7769792,3.6445782,0.5981848184818481,2025.0,202.0,True,False,True,False,False,False,False,False,False,False,False,False,False,False,False,False,False,False,True,False,False,158.14285714285714,42.4931798018276,155.8,35.32157687736499,134.78571428571428,72.90837562051848,268.0,5.0,98.0
2025-10-27,272.01290322580644,0.75670904,3.125,0.5234767025089605,2025.0,155.0,True,False,False,False,True,False,False,False,False,False,False,False,False,False,False,False,False,False,True,False,False,159.71428571428572,43.751797451303645,156.6,36.10482821853347,130.28571428571428,37.88694704908991,178.0,3.6445782,-47.0
2025-10-28,6.605633802816901,0.7292803,5.0,0.6451486697965572,2025.0,71.0,False,False,False,False,False,True,False,False,False,False,False,False,False,False,False,False,False,False,True,False,False,158.64285714285714,43.66411507239171,157.63333333333333,35.5794238612573,130.78571428571428,-43.99951369737084,148.0,3.125,-84.0
2025-10-29,55.02439024390244,0.7936073,4.677419,0.8286101432442896,2025.0,41.0,False,False,False,False,False,False,True,False,False,False,False,False,False,False,False,False,False,False,True,False,False,153.14285714285714,49.55937719677263,152.96666666666667,37.46951251105693,131.25,-43.15347122632837,134.0,5.0,-30.0
2025-10-30,45.90163934426229,0.7502377,3.9864864,0.6980874316939891,2025.0,122.0,False,False,False,True,False,False,False,False,False,False,False,False,False,False,False,False,False,False,True,False,False,148.07142857142858,57.145515048077115,148.9,42.61078866138237,129.25,-15.848451921309065,210.0,4.677419,81.0
2025-10-31,53.911764705882355,0.7383294,4.1489363,0.394880174291939,2025.0,102.0,True,False,False,False,False,False,False,False,True,False,False,False,False,False,False,False,False,False,True,False,False,145.64285714285714,57.50398935038255,148.23333333333332,42.878081639196935,128.25,22.46815039529325,147.0,3.9864864,-20.0
2025-11-01,125.52857142857142,0.7400214,3.392857,0.3325396825396825,2025.0,70.0,False,False,False,False,False,False,False,True,False,False,False,False,False,False,False,False,False,False,False,True,False,143.21428571428572,58.64912429201222,145.56666666666666,43.19217947518117,130.21428571428572,-40.50337470123184,104.0,4.1489363,-32.0
2025-11-02,110.3913043478261,0.79439855,4.352941,0.6495629169542213,2025.0,138.0,True,False,True,False,False,False,False,False,False,False,False,False,False,False,False,False,False,False,False,True,False,139.42857142857142,61.686196293716556,142.36666666666667,45.138471498219516,129.92857142857142,78.11679904394191,202.0,3.392857,68.0
2025-11-03,79.42307692307692,0.78787196,5.2192984,0.7364163614163614,2025.0,182.0,True,False,False,False,True,False,False,False,False,False,False,False,False,False,False,False,False,False,False,True,False,130.14285714285714,49.40547640597361,141.83333333333334,45.09077689416888,129.57142857142856,35.19932800147085,155.0,4.352941,44.0
2025-11-04,42.54430379746835,0.76864684,4.4444447,0.7619549929676511,2025.0,158.0,False,False,False,False,False,True,False,False,False,False,False,False,False,False,False,False,False,False,False,True,False,130.42857142857142,49.71412782594724,142.56666666666666,45.57274089457261,133.03571428571428,-57.16071060856775,71.0,5.2192984,-24.0
2025-11-05,52.839416058394164,0.74735695,3.8961039,0.6376839300196964,2025.0,137.0,False,False,False,False,False,False,True,False,False,False,False,False,False,False,False,False,False,False,False,True,False,131.14285714285714,50.056671180477494,141.6,44.90034943416943,139.89285714285714,-48.06225501011215,41.0,4.4444447,-21.0
2025-11-06,116.19867549668874,0.7380662,4.7222223,0.6048092084515926,2025.0,151.0,False,False,False,True,False,False,False,False,False,False,False,False,False,False,False,False,False,False,False,True,False,131.35714285714286,50.07626052464366,141.16666666666666,44.87921209380902,144.46428571428572,-4.8093592572163955,122.0,3.8961039,14.0
2025-11-07,66.4438202247191,0.77433205,4.4491525,0.723314606741573,2025.0,178.0,True,False,False,False,False,False,False,False,True,False,False,False,False,False,False,False,False,False,False,True,False,127.14285714285714,45.19335748137857,142.33333333333334,44.65680110641205,148.35714285714283,52.79150946865232,102.0,4.7222223,27.0
2025-11-08,69.734375,0.76526874,4.552239,0.5230034722222222,2025.0,128.0,False,False,False,False,False,False,False,True,False,False,False,False,False,False,False,False,False,False,False,True,False,129.35714285714286,46.965793023069786,145.0,44.30536668668424,154.5,-45.833973156830304,70.0,4.4491525,-50.0
2025-11-09,74.77058823529411,0.7715424,4.173913,0.6861111111111111,2025.0,170.0,True,False,True,False,False,False,False,False,False,False,False,False,False,False,False,False,False,False,False,True,False,131.07142857142858,46.4036873298051,144.2,44.39120757926054,156.64285714285714,72.90837562051848,138.0,4.552239,42.0
2025-11-10,48.75141242937853,0.77223784,4.4444447,0.5364092906465787,2025.0,177.0,True,False,False,False,True,False,False,False,False,False,False,False,False,False,False,False,False,False,False,True,False,128.78571428571428,43.32733827225437,145.76666666666668,44.44654544842624,156.10714285714283,37.88694704908991,182.0,4.173913,7.0
