{
    "TBT": 977,
    "PrecioMaximo": 967.6565486684857,
    "PrecioSugerido": 850.510822143546,
    "Elasticidad": -0.9054162968911891
}