{
    "TBT": 977,
    "PrecioMaximo": 1091.505172909186,
    "PrecioSugerido": 959.9749535505522,
    "Elasticidad": -0.9158051447744282
}