{
    "TBT": 1349,
    "PrecioMaximo": 0.681020634521293,
    "PrecioSugerido": 50.3967874796662,
    "Elasticidad": 0.7776382292001424
}