{
    "TBT": 1349,
    "PrecioMaximo": 0.6328281348072637,
    "PrecioSugerido": 55.32306385015055,
    "Elasticidad": 0.778463284999818
}