{
    "TBT": 1349,
    "PrecioMaximo": 45.121823664596164,
    "PrecioSugerido": 0.7081703652328344,
    "Elasticidad": 0.7764524009185669
}