{
    "TBT": 1349,
    "PrecioMaximo": 35.77850075709358,
    "PrecioSugerido": 0.7223202087465221,
    "Elasticidad": 0.7755743371001304
}